battVoltage,battTemp,battLevel,battLevelDiff,binderTransaction,binderReply,binderAcquire,binderRelease,binderActiveNodes,binderTotalNodes,binderActiveRef,binderTotalRef,binderActiveDeath,binderTotalDeath,binderActiveTransaction,binderTotalTransaction,binderActiveTransactionComplete,binderTotalTransactionComplete,binderTotalNodesDiff,binderTotalRefDiff,binderTotalDeathDiff,binderTotalTransactionDiff,binderTotalTransactionCompleteDiff,cpuUsage,memActive,memInactive,memMapped,memFreePages,memAnonPages,memFilePages,memDirtyPages,memWritebackPages,networkTotalTXPackets,networkTotalTXBytes,networkTotalRXPackets,networkTotalRXBytes,networkTotalTXPacketsDiff,networkTotalTXBytesDiff,networkTotalRXPacketsDiff,networkTotalRXBytesDiff,permissions,class
4160,330,98,0,11817,10487,3448,1975,601,2652,993,3449,183,1966,1,22304,0,0,703,708,702,2862,0,99.40358,214316,57720,94632,1047,37745,30350,17,0,237,22076,354,243540,0,0,0,0,111,1
4160,330,98,0,13004,11419,3669,2187,600,2849,1003,3670,190,2128,0,24423,0,0,197,221,162,2119,0,100,212952,55808,92088,881,39311,27964,23,0,248,24682,364,245109,11,2606,10,1569,112,1
4160,330,98,0,14469,12735,4111,2605,625,3290,1027,4112,190,2553,0,27204,0,0,441,442,425,2781,0,99.400002,213396,54852,92124,1166,39728,27439,7,0,249,24740,365,245149,1,58,1,40,112,1
4160,330,98,0,15149,13274,4236,2747,602,3409,986,4237,185,2637,0,28423,0,0,119,125,84,1219,0,54.004108,209392,55548,90244,2209,38668,27672,2,0,249,24740,365,245149,0,0,0,0,112,1
4160,330,98,0,15414,13454,4244,2755,602,3417,986,4245,185,2637,0,28868,0,0,8,8,0,445,0,37.575756,209680,55556,90248,2151,38720,27674,1,0,249,24740,365,245149,0,0,0,0,112,1
4160,330,98,0,15660,13606,4254,2761,606,3427,990,4255,185,2637,0,29266,0,0,10,10,0,398,0,31.526104,209720,55572,90264,2147,38730,27680,1,0,249,24740,365,245149,0,0,0,0,112,1
4160,330,98,0,15966,13838,4269,2767,611,3438,999,4270,186,2644,0,29804,0,0,11,15,7,538,0,38.603695,209816,57368,90648,1697,38749,28131,1,0,249,24740,365,245149,0,0,0,0,112,1
4163,330,97,0,179048,140806,12062,8386,779,9336,1202,12063,191,4508,9,319851,0,0,17,18,5,1299,0,54.813358,218392,22948,93436,2906,49134,11298,15,0,5818,632737,8745,10051446,0,0,0,0,123,1
4163,330,97,0,179827,141324,12078,8399,783,9350,1206,12079,192,4510,10,321148,0,0,14,16,2,1297,0,56.158665,219188,23096,94496,2606,49324,11347,9,0,5818,632737,8745,10051446,0,0,0,0,123,1
4163,330,97,0,180917,142019,12116,8463,759,9383,1180,12117,191,4512,9,322933,0,0,33,38,2,1785,0,70.14315,219224,24536,94988,2064,49317,11706,2,0,5847,636635,8766,10054881,29,3898,21,3435,123,1
4163,330,97,0,181308,142273,12130,8515,722,9397,1142,12131,191,4515,9,323578,0,0,14,14,3,645,0,44.488979,218316,25028,95016,2199,49063,11837,13,0,5855,637955,8773,10057018,8,1320,7,2137,123,1
4163,330,97,0,182066,142776,12138,8534,712,9405,1131,12139,191,4515,10,324839,0,0,8,8,0,1261,0,52.121212,218400,25280,99408,2139,49108,11895,9,0,5855,637955,8773,10057018,0,0,0,0,123,1
4163,330,97,0,182221,142907,12138,8534,712,9405,1131,12139,190,4515,9,325125,0,0,0,0,0,286,0,33.333332,217952,25288,99412,2199,49007,11897,4,0,5855,637955,8773,10057018,0,0,0,0,123,1
4163,330,97,0,182323,142991,12138,8534,712,9405,1131,12139,190,4515,9,325311,0,0,0,0,0,186,0,29.778671,217988,25420,99440,2216,49008,11930,1,0,5855,637955,8773,10057018,0,0,0,0,123,1
4163,330,97,0,182778,143318,12142,8536,714,9409,1133,12143,190,4516,9,326093,0,0,4,4,1,782,0,50.319828,217956,25916,99524,2062,48998,12055,6,0,5890,652948,8800,10071452,35,14993,27,14434,123,1
4163,330,97,0,182918,143446,12148,8540,716,9415,1135,12149,191,4518,9,326361,0,0,6,6,2,268,0,33.532932,218000,25916,99524,2062,49015,12055,1,0,5890,652948,8800,10071452,0,0,0,0,123,1
4180,330,98,1,183090,143599,12159,8550,717,9426,1136,12160,191,4519,9,326686,0,0,11,11,1,325,0,35.483871,217940,25924,99528,2045,48992,12057,1,0,5890,652948,8800,10071452,0,0,0,0,123,1
4180,330,98,0,188434,147918,13489,9235,688,10301,1117,13490,192,4888,12,336348,0,0,143,169,70,1132,0,91.383217,221984,37124,93300,605,46395,18496,0,0,5959,666312,8859,10102199,29,6786,26,10678,113,-1
4180,330,98,0,189486,148721,13739,9332,798,10502,1260,13740,199,4953,12,338203,0,0,201,250,65,1855,0,99.712646,228032,32844,99280,879,49090,16212,7,0,5986,671281,8881,10108767,27,4969,22,6568,231,-1
4180,330,98,0,190335,149355,13888,9453,798,10628,1237,13889,196,5019,12,339686,0,0,126,149,66,1483,0,89.512192,222748,36460,97420,754,47214,17733,9,0,6121,688015,9035,10276326,135,16734,154,167559,111,-1
4180,330,98,0,190656,149541,13916,9457,811,10646,1252,13917,193,5027,12,340193,0,0,18,28,8,507,0,43.892338,222416,35004,97552,1277,47021,17344,5,0,6123,688573,9037,10277142,2,558,2,816,111,-1
4177,340,97,-1,190759,149605,13916,9457,811,10646,1252,13917,192,5027,12,340360,1,0,0,0,0,167,0,29.508196,222368,36456,97752,872,47086,17720,6,0,6123,688573,9037,10277142,0,0,0,0,111,-1
4177,340,97,0,191037,149819,13931,9461,815,10661,1245,13932,191,5032,12,340852,0,0,15,15,5,492,0,42.505592,219304,32788,99964,1524,46528,16581,1,0,6123,688573,9037,10277142,0,0,0,0,111,-1
4177,340,97,0,191342,150035,13962,9556,743,10679,1182,13963,194,5036,12,341373,0,0,18,31,4,521,0,71.753983,226988,29056,98944,656,49614,14492,29,0,6315,715203,9243,10524255,192,26630,206,247113,113,-1
4177,340,97,0,191725,150309,13984,9567,751,10696,1194,13985,196,5039,12,342030,0,0,17,22,3,657,0,65.720528,228004,27760,94460,912,50226,13800,10,0,6382,724715,9305,10585759,67,9512,62,61504,113,-1
4177,340,97,0,192144,150617,14006,9580,750,10714,1179,14007,191,5042,12,342757,0,0,18,22,3,727,0,58.015266,215148,23452,88508,6041,46654,13344,1,0,6397,725633,9319,10586355,15,918,14,596,111,-1
4177,340,97,0,192458,150817,14014,9586,752,10720,1182,14015,192,5044,12,343270,1,0,6,8,2,513,0,41.448692,215360,23612,90620,5906,46441,13386,1,0,6397,725633,9319,10586355,0,0,0,0,111,-1
4177,340,97,0,192993,151186,14066,9621,755,10753,1200,14067,198,5051,12,344174,0,0,33,52,7,904,0,58.266129,224260,23596,92292,2302,48611,13436,8,0,6410,727505,9328,10588588,13,1872,9,2233,113,-1
4177,340,97,0,193663,151654,14114,9656,766,10796,1212,14115,200,5055,12,345312,0,0,43,48,4,1138,0,78.78788,227384,24980,93612,1452,50631,12543,1,0,6620,757038,9553,10870996,210,29533,225,282408,113,-1
4177,340,97,0,194132,151979,14128,9668,759,10807,1191,14129,193,5056,12,346105,0,0,11,14,1,793,0,43.912174,216048,19872,89168,6639,46514,12549,8,0,6637,758048,9569,10871660,17,1010,16,664,111,-1
4177,340,97,0,194370,152132,14131,9673,759,10810,1190,14132,192,5057,12,346496,0,0,3,3,1,391,0,33.536587,215984,19872,89120,6682,46499,12548,1,0,6637,758048,9569,10871660,0,0,0,0,111,-1
4177,340,97,0,194590,152278,14137,9678,760,10815,1191,14138,191,5058,12,346862,0,0,5,6,1,366,0,35.555557,215836,19872,89140,6697,46497,12549,1,0,6637,758048,9569,10871660,0,0,0,0,111,-1
4177,340,97,0,195257,152661,14191,9717,762,10850,1207,14192,197,5066,12,347912,0,0,35,54,8,1050,0,58.78788,225392,20024,90720,2849,48919,12594,50,0,6736,769594,9682,11008715,99,11546,113,137055,113,-1
4177,340,97,0,195711,152977,14224,9743,767,10880,1213,14225,199,5069,12,348682,0,0,30,33,3,770,0,69.308945,231336,20572,93296,1002,50332,12737,7,0,6845,788499,9794,11141305,109,18905,112,132590,113,-1
4181,340,98,1,196086,153239,14235,9752,769,10890,1215,14236,198,5076,12,349319,0,0,10,11,7,637,0,56.626507,231028,21220,92260,1137,50280,12866,1,0,6860,789418,9808,11141902,15,919,14,597,113,-1
4181,340,98,0,196490,153525,14249,9764,771,10902,1217,14250,198,5078,12,350009,0,0,12,14,2,690,0,63.834423,230380,21916,93192,942,50585,12608,1,0,6874,791162,9821,11158201,14,1744,13,16299,113,-1
4181,340,98,0,196813,153739,14257,9770,764,10908,1196,14258,192,5078,12,350545,0,0,6,8,0,536,0,40.447155,214548,21248,88396,6697,46422,12610,1,0,6878,791418,9825,11158385,4,256,4,184,111,-1
4181,340,98,0,197368,154108,14280,9806,753,10928,1184,14281,192,5081,12,351469,0,0,20,23,3,924,0,51.10294,217616,21312,83520,5239,47359,12629,1,0,6878,791418,9825,11158385,0,0,0,0,111,-1
4181,340,98,0,197793,154397,14326,9821,769,10956,1215,14327,197,5086,12,352183,0,0,28,46,5,714,0,77.196655,229400,21524,91100,1420,50303,12690,46,0,7063,820527,10031,11405676,185,29109,206,247291,113,-1
4181,340,98,0,198313,154766,14350,9839,773,10978,1221,14351,198,5087,12,353072,0,0,22,24,1,889,0,79.229118,230080,21932,91360,1270,50288,12798,1,0,7069,820875,10037,11405916,6,348,6,240,113,-1
4181,340,98,0,198821,155106,14366,9857,774,10993,1221,14367,197,5088,12,353920,0,0,15,16,1,848,0,59.879032,229972,22084,91288,1255,50260,12838,12,0,7087,822832,10055,11422411,18,1957,18,16495,113,-1
4181,340,98,0,199272,155418,14378,9874,769,11004,1215,14379,197,5089,14,354683,0,0,11,12,1,763,0,66.73307,230088,22092,95580,1225,50323,12840,2,0,7088,822890,10056,11422451,1,58,1,40,113,-1
4181,340,98,0,199685,155719,14400,9892,771,11025,1218,14401,198,5090,12,355397,0,0,21,22,1,714,0,50.503017,229296,22092,91512,1345,50092,12840,1,0,7089,822948,10057,11422491,1,58,1,40,113,-1
4181,340,98,0,200388,156213,14431,9917,776,11054,1224,14432,199,5092,12,356594,0,0,29,31,2,1197,0,70.238098,229548,22100,91648,1270,50154,12841,1,0,7089,822948,10057,11422491,0,0,0,0,113,-1
4181,340,98,0,200804,156521,14449,9936,769,11071,1201,14451,192,5093,12,357318,0,0,17,19,1,724,0,50.921658,213300,22184,84588,6172,46311,12643,1,0,7090,823018,10057,11422491,1,70,0,0,111,-1
4166,310,98,0,11556,10217,3365,1859,580,2542,968,3368,181,1832,0,21773,0,0,824,829,818,3403,0,99.053032,211400,56632,91192,623,38985,28210,6,0,237,24227,369,241542,3,996,3,671,111,-1
4166,310,98,0,12669,11140,3604,1977,693,2760,1091,3607,188,2015,0,23809,0,0,218,239,183,2036,0,100,217892,52644,97992,674,41496,26210,100,0,429,51427,579,485694,192,27200,210,244152,113,-1
4166,310,98,0,13604,11932,3778,2200,633,2928,1018,3781,183,2163,1,25535,0,0,168,174,148,1726,0,99.527184,205224,49340,94972,5606,38256,25468,17,0,471,55167,610,506582,42,3740,31,20888,111,-1
4166,310,98,0,14899,13129,4294,2707,634,3442,1004,4297,179,2661,0,28027,0,0,514,516,498,2492,0,94.409935,202980,50796,94380,5880,37526,26001,21,0,471,55167,610,506582,0,0,0,0,111,-1
4166,310,98,0,14996,13194,4294,2707,634,3442,1004,4297,178,2661,1,28189,2,0,0,0,0,162,0,28.282827,202612,51012,94228,5970,37434,26055,15,0,471,55167,610,506582,0,0,0,0,111,-1
4166,310,98,0,15396,13459,4303,2712,638,3451,1008,4306,179,2662,0,28854,0,0,9,9,1,665,0,44.134079,206624,51040,89732,2218,39367,26063,12,0,471,55167,610,506582,0,0,0,0,111,-1
4166,310,98,0,15828,13740,4346,2724,657,3476,1041,4349,184,2669,0,29567,0,0,25,43,7,713,0,58.531746,214116,51104,96460,619,40667,25722,22,1,648,79674,791,720055,177,24507,181,213473,113,-1
4166,310,98,0,16391,14102,4368,2772,628,3492,1014,4371,185,2678,0,30492,0,0,16,22,9,925,0,69.273743,215156,49592,98668,927,41512,24766,1,0,684,86754,831,766121,36,7080,40,46066,113,-1
4183,310,98,0,16574,14243,4372,2774,630,3496,1016,4375,184,2680,0,30816,0,0,4,4,2,324,0,37.250996,214356,49652,98668,1351,41018,24782,2,0,698,87578,844,766641,14,824,13,520,113,-1
4183,310,98,0,16946,14488,4387,2783,627,3507,1000,4390,180,2683,0,31433,0,0,11,15,3,617,0,43.149284,206880,41992,94268,6639,37477,24835,2,0,702,87858,847,766797,4,280,3,156,111,-1
4183,310,98,0,17438,14824,4441,2817,632,3541,1020,4444,186,2690,0,32261,0,0,34,54,7,828,0,53.557312,216204,42000,96188,2941,39797,24849,25,0,750,96562,886,792657,48,8704,39,25860,113,-1
4183,310,98,0,18138,15303,4479,2842,644,3575,1033,4482,187,2693,0,33440,0,0,34,38,3,1179,0,78.762886,220664,43828,97380,1463,41469,24741,10,0,908,118386,1067,1029350,158,21824,181,236693,113,-1
4183,310,98,0,18563,15596,4491,2854,636,3584,1010,4494,180,2694,0,34157,0,0,9,12,1,717,0,45.180721,205440,43348,94292,6770,37541,24742,1,0,925,119408,1083,1030014,17,1022,16,664,111,-1
4183,310,98,0,18876,15791,4497,2873,626,3589,998,4500,179,2695,0,34665,0,0,5,6,1,508,0,39.436619,205508,43348,94292,6768,37561,24742,1,0,925,119408,1083,1030014,0,0,0,0,111,-1
4183,310,98,0,19116,15950,4506,2880,628,3597,1000,4509,179,2697,0,35064,0,0,8,9,2,399,0,37.67535,205140,43348,94324,6828,37464,24742,1,0,925,119408,1083,1030014,0,0,0,0,111,-1
4183,310,98,0,19663,16287,4560,2896,650,3632,1038,4563,186,2705,1,35948,0,0,35,54,8,884,0,53.75494,215016,43352,95964,3085,39907,24744,17,0,960,125753,1111,1039025,35,6345,28,9011,113,-1
4183,310,98,0,20182,16630,4589,2919,655,3657,1044,4592,186,2708,0,36810,0,0,25,29,3,862,0,63.713081,219328,43928,98064,1521,41003,24896,24,0,1076,151389,1214,1121853,116,25636,103,82828,113,-1
4183,310,98,0,20445,16806,4593,2934,647,3660,1034,4596,185,2708,0,37249,0,0,3,4,0,439,0,46.68008,218996,43932,96748,1941,40920,24898,1,0,1084,151937,1221,1122205,8,548,7,352,113,-1
4181,310,98,0,20974,17167,4613,2948,651,3677,1039,4616,186,2711,0,38139,0,0,17,20,3,890,0,72.233398,221180,44468,98524,606,42113,24696,73,0,1295,183493,1430,1370064,211,31556,209,247859,113,-1
4181,310,98,0,21350,17409,4621,2954,644,3683,1018,4624,180,2711,0,38756,0,0,6,8,0,617,0,52.63158,197288,46440,92396,8367,37548,23475,6,0,1319,186915,1444,1371560,24,3422,14,1496,111,-1
4181,310,98,0,21817,17721,4641,2968,649,3700,1024,4644,181,2714,0,39535,0,0,17,20,3,779,0,40,197480,46448,93956,8219,37593,23477,11,0,1319,186915,1444,1371560,0,0,0,0,111,-1
4181,310,98,0,22284,18033,4688,3000,651,3729,1040,4691,185,2719,0,40314,0,0,29,47,5,779,0,72.580643,211956,46732,96356,3154,41200,23555,100,0,1531,217739,1665,1639344,212,30824,221,267784,113,-1
4181,310,98,0,22806,18391,4711,3018,656,3749,1045,4714,186,2720,0,41194,0,0,20,23,1,880,0,78.542511,214116,46740,96632,2509,41738,23559,31,0,1542,218413,1676,1641793,11,674,11,2449,113,-1
4181,310,98,0,23303,18729,4735,3044,657,3772,1045,4738,185,2721,0,42029,0,0,23,24,1,835,0,57.171314,213936,46748,96548,2614,41694,23562,19,0,1585,226601,1715,1654180,43,8188,39,12387,113,-1
4181,310,98,0,23670,18980,4747,3055,657,3783,1045,4750,185,2722,0,42647,0,0,11,12,1,618,0,63.052208,215696,49172,97300,1530,42179,24180,57,0,1698,236951,1826,1796863,113,10350,111,142683,113,-1
4181,310,98,0,23952,19194,4750,3059,657,3786,1044,4753,185,2723,0,43143,0,0,3,3,1,496,0,42.2449,215960,49280,101624,1470,42198,24197,15,0,1698,236951,1826,1796863,0,0,0,0,113,-1
4181,310,98,0,24412,19544,4778,3085,659,3814,1046,4781,185,2724,0,43953,0,0,28,28,1,810,0,53.107346,213240,42376,90928,4724,42781,21219,7,0,1702,237789,1828,1797025,4,838,2,162,113,-1
4181,310,98,0,24856,19873,4798,3106,656,3832,1044,4801,186,2726,0,44726,0,0,18,20,2,773,0,70.758926,215692,43508,93252,3374,43381,21516,12,0,2228,297285,2344,2337119,526,59496,516,540094,113,-1
4180,320,98,0,45255,33059,5453,3726,611,4353,981,5454,177,2801,0,78314,0,0,7,22,2,159,0,41.603054,207904,48280,91704,2991,38208,25946,18,0,552,71675,743,524203,2,140,0,0,117,-1
4180,320,98,0,45738,33374,5494,3742,628,4381,1007,5495,182,2808,0,79112,0,0,28,41,7,798,0,45.594715,206592,48284,87660,3293,37855,25949,17,0,554,71815,743,524203,2,140,0,0,117,-1
4180,320,98,0,46188,33738,5500,3751,626,4386,1005,5501,181,2808,0,79926,0,0,5,6,0,814,0,38.945232,207260,48524,87748,3085,38043,26008,9,0,554,71815,743,524203,0,0,0,0,117,-1
4180,320,98,0,46371,33859,5507,3757,627,4393,1006,5508,181,2809,0,80230,0,0,7,7,1,304,0,32.719837,207212,48524,87748,3055,38010,26008,12,0,554,71815,743,524203,0,0,0,0,117,-1
4187,290,99,0,99138,68427,8337,6090,687,6627,1034,8340,175,3142,2,167559,0,0,17,35,5,217,0,42.799999,213308,35728,70972,6302,38089,24381,22,0,4129,567343,4039,3945343,4,299,2,223,112,-1
4187,290,99,0,99787,68849,8381,6120,695,6661,1049,8384,178,3147,2,168630,0,0,34,44,5,1071,0,64.457832,230192,35740,72536,1343,42206,24385,19,0,4139,569072,4047,3946528,10,1729,8,1185,112,-1
4187,290,99,0,100569,69389,8412,6148,700,6688,1053,8415,180,3151,2,169952,0,0,27,31,4,1322,0,60.121456,231508,37608,72116,966,43629,23739,8,0,4145,570138,4051,3947016,6,1066,4,488,112,-1
4185,290,99,0,100704,69463,8412,6148,700,6688,1053,8415,179,3151,2,170161,0,0,0,0,0,209,0,39.300411,231504,37604,72116,966,43622,23741,8,0,4145,570138,4051,3947016,0,0,0,0,112,-1
4185,290,99,0,100795,69519,8412,6148,700,6688,1053,8415,179,3151,2,170308,0,0,0,0,0,147,0,36.758892,231540,37612,72196,1056,43540,23741,1,0,4145,570138,4052,3947044,0,0,1,28,112,-1
4185,290,99,0,100961,69618,8412,6148,700,6688,1053,8415,179,3151,2,170573,0,0,0,0,0,265,0,37.678207,231228,37612,72120,1041,43561,23741,1,0,4146,570208,4052,3947044,1,70,0,0,112,-1
4185,290,99,0,101223,69792,8425,6165,696,6699,1049,8428,181,3154,2,171009,0,0,11,13,3,436,0,44.37751,231136,37612,72340,1009,43532,23741,1,0,4147,570254,4053,3947072,1,46,1,28,112,-1
4185,290,99,0,101764,70121,8452,6201,690,6723,1040,8455,181,3159,2,171879,0,0,24,27,5,870,0,48.865978,227756,38796,72264,1787,43133,23596,22,0,4153,571321,4057,3947560,6,1067,4,488,112,-1
4185,290,99,0,102199,70429,8464,6211,693,6733,1043,8467,180,3161,2,172622,0,0,10,12,2,743,0,52.581261,230484,39900,72836,917,44411,23268,0,0,4153,571321,4057,3947560,0,0,0,0,112,-1
4185,290,99,0,102707,70776,8483,6227,696,6750,1046,8486,181,3164,2,173477,0,0,17,19,3,855,0,56.455143,229832,40056,72784,1157,44391,23173,4,0,4153,571321,4061,3948272,0,0,4,712,112,-1
4185,290,99,0,103086,71036,8499,6252,686,6764,1036,8502,181,3166,2,174116,0,0,14,16,2,639,0,44.135189,229772,40056,72784,1187,44367,23173,2,0,4153,571321,4061,3948272,0,0,0,0,112,-1
4185,290,99,0,103834,71532,8542,6288,693,6803,1043,8545,183,3170,2,175360,0,0,39,43,4,1244,0,58.93224,230000,41116,72784,1122,45363,22500,2,0,4159,572388,4065,3948760,6,1067,4,488,112,-1
4185,290,99,0,104253,71809,8560,6305,692,6819,1043,8563,185,3173,2,176056,0,0,16,18,3,696,0,54.508198,231496,40844,72884,870,46092,22076,1,0,4159,572388,4065,3948760,0,0,0,0,112,-1
4186,290,99,0,104476,71945,8562,6310,691,6821,1041,8565,183,3173,2,176415,0,0,2,2,0,359,0,39.121758,231572,40844,72448,960,46112,22077,2,0,4159,572388,4065,3948760,0,0,0,0,112,-1
4186,290,99,0,104658,72063,8569,6315,693,6827,1043,8572,183,3175,2,176715,0,0,6,7,2,300,0,41.129032,232260,40844,72444,765,46284,22076,2,0,4159,572388,4065,3948760,0,0,0,0,112,-1
4186,290,99,0,105206,72383,8600,6345,694,6854,1044,8603,186,3180,2,177583,0,0,27,31,5,868,0,54.84536,236572,37584,68852,1775,47617,21011,0,0,4165,573455,4069,3949248,6,1067,4,488,112,-1
4186,290,99,0,105616,72635,8620,6459,602,6872,949,8623,187,3183,2,178245,0,0,18,20,3,662,0,49.290062,235928,37852,71972,1205,47447,21093,6,0,4171,574522,4073,3949736,6,1067,4,488,112,-1
4186,290,99,0,105983,72882,8662,6468,601,6896,948,8665,177,3190,2,178859,0,0,24,42,7,614,0,56.032719,203300,39276,70492,9188,39467,21260,35,0,4171,574522,4073,3949736,0,0,0,0,112,-1
4186,290,99,0,106155,73009,8672,6471,606,6904,954,8675,177,3192,3,179158,0,0,8,10,2,299,0,70.718231,214896,39896,70740,6051,42392,21457,209,0,4171,574522,4073,3949736,0,0,0,0,112,-1
4186,290,99,0,106592,73308,8701,6491,617,6930,964,8704,176,3197,2,179894,0,0,26,29,5,736,0,62.445415,219756,39740,70300,4986,43363,21595,230,0,4171,574522,4073,3949736,0,0,0,0,112,-1
4186,290,99,0,106937,73506,8716,6500,621,6943,969,8719,177,3200,2,180437,0,0,13,15,3,543,0,50,213080,39740,70516,6604,41694,21594,10,0,4171,574522,4073,3949736,0,0,0,0,112,-1
4186,290,99,0,107175,73665,8722,6528,601,6948,948,8725,175,3201,2,180834,0,0,5,6,1,397,0,47.686115,213092,39748,70340,6649,41696,21597,5,0,4171,574522,4073,3949736,0,0,0,0,112,-1
4186,290,99,0,107325,73757,8722,6528,601,6948,948,8725,175,3201,2,181076,0,0,0,0,0,242,0,38.076153,212652,39748,70300,6784,41586,21597,4,0,4171,574522,4073,3949736,0,0,0,0,112,-1
4188,290,99,0,107560,73898,8729,6533,603,6954,950,8732,176,3203,2,181452,0,0,6,7,2,376,0,38.18182,212764,39748,70296,6741,41616,21596,3,0,4171,574522,4073,3949736,0,0,0,0,112,-1
4188,290,99,0,107756,74027,8736,6538,605,6960,952,8739,176,3205,2,181777,0,0,6,7,2,325,0,45,212552,39748,70300,6786,41603,21597,1,0,4171,574522,4073,3949736,0,0,0,0,112,-1
4188,290,99,0,107880,74107,8736,6538,605,6960,952,8739,175,3205,2,181981,0,0,0,0,0,204,0,36.161617,212460,39744,70292,6816,41539,21597,2,0,4171,574522,4073,3949736,0,0,0,0,112,-1
4188,290,99,0,108145,74271,8743,6543,607,6966,954,8746,175,3207,2,182410,0,0,6,7,2,429,0,38.799999,212612,39744,70288,6801,41582,21596,2,0,4171,574522,4073,3949736,0,0,0,0,112,-1
4188,290,99,0,108659,74619,8767,6559,613,6985,962,8770,178,3212,2,183272,0,0,19,24,5,862,0,63.083164,215572,39836,70520,6006,42311,21624,1,0,4182,576331,4081,3950922,11,1809,8,1186,112,-1
4187,290,99,0,120919,83259,9404,7031,645,7476,980,9407,181,3283,6,204172,1,0,32,52,13,293,0,46.138615,206900,39352,68524,7073,37100,24680,20,0,5890,713003,6818,7986302,1,70,0,0,114,-1
4187,290,99,0,121321,83526,9433,7052,647,7495,989,9436,183,3287,3,204841,0,0,19,29,4,669,0,44.979919,207164,39356,69976,6715,37031,24682,18,0,5891,713073,6818,7986302,1,70,0,0,150,-1
4187,290,99,0,121683,83813,9436,7058,647,7498,987,9439,181,3287,3,205490,0,0,3,3,0,649,0,39.29314,207344,39364,69976,6685,37110,24684,7,0,5891,713073,6818,7986302,0,0,0,0,150,-1
4187,290,99,0,121836,83901,9436,7058,647,7498,987,9439,181,3287,3,205731,0,0,0,0,0,241,0,33.200001,206600,39364,70020,6882,36890,24684,2,0,5896,713729,6822,7986632,5,656,4,330,150,-1
4187,290,99,0,122065,84054,9436,7058,647,7498,987,9439,181,3287,3,206113,0,0,0,0,0,382,0,36.734695,206608,39372,74368,6867,36893,24686,2,0,5897,713799,6822,7986632,1,70,0,0,150,-1
4187,290,99,0,122326,84231,9442,7062,649,7504,989,9445,182,3288,3,206551,0,0,6,6,1,438,0,38.64542,206500,39372,69952,6867,36870,24686,1,0,5897,713799,6822,7986632,0,0,0,0,150,-1
4187,290,99,0,122649,84427,9455,7076,648,7515,988,9458,182,3291,3,207070,0,0,11,13,3,519,0,44.93927,206372,39372,69952,6910,36840,24686,1,0,5897,713799,6822,7986632,0,0,0,0,150,-1
4187,290,99,0,123018,84662,9475,7090,652,7532,993,9478,183,3294,3,207674,0,0,17,20,3,604,0,44.710579,206416,39372,69952,6895,36844,24686,1,0,5897,713799,6822,7986632,0,0,0,0,150,-1
4187,290,99,0,123172,84776,9475,7093,651,7532,991,9478,181,3294,3,207942,0,0,0,0,0,268,0,35.959595,206312,39372,69952,6895,36828,24686,1,0,5897,713799,6822,7986632,0,0,0,0,150,-1
4187,290,99,0,123410,84930,9488,7100,655,7543,996,9491,183,3297,3,208334,0,0,11,13,3,392,0,39.307537,206252,39372,69952,6910,36803,24686,2,0,5897,713799,6822,7986632,0,0,0,0,150,-1
4187,290,99,0,123686,85111,9496,7110,655,7550,995,9499,182,3298,3,208791,0,0,7,8,1,457,0,43.313374,206264,39372,70024,6910,36816,24686,2,0,5898,713869,6822,7986632,1,70,0,0,150,-1
4187,290,99,0,124051,85336,9508,7120,657,7560,997,9511,182,3300,3,209381,0,0,10,12,2,590,0,41.247486,206364,39372,70024,6910,36834,24686,1,0,5899,713915,6823,7986660,1,46,1,28,150,-1
4187,290,99,0,124266,85463,9515,7122,660,7566,1001,9518,183,3302,3,209723,0,0,6,7,2,342,0,32.329319,206412,39376,70024,6895,36850,24687,1,0,5899,713915,6823,7986660,0,0,0,0,150,-1
4187,290,99,0,124548,85648,9522,7143,647,7572,988,9525,183,3304,3,210190,0,0,6,7,2,467,0,39.156628,206412,39376,70024,6880,36845,24687,1,0,5899,713915,6823,7986660,0,0,0,0,150,-1
4185,290,99,0,124747,85761,9529,7146,650,7578,991,9532,183,3306,3,210502,0,0,6,7,2,312,0,36.491936,206092,39376,70024,6955,36800,24687,1,0,5899,713915,6823,7986660,0,0,0,0,150,-1
4185,290,99,0,124909,85862,9531,7151,649,7580,989,9534,181,3306,3,210765,0,0,2,2,0,263,0,36.254978,206244,39376,70024,6910,36801,24687,2,0,5899,713915,6823,7986660,0,0,0,0,150,-1
4185,290,99,0,125130,85997,9538,7156,651,7586,991,9541,181,3308,3,211121,0,0,6,7,2,356,0,34.6856,206264,39376,70024,6925,36807,24687,2,0,5899,713915,6824,7986688,0,0,1,28,150,-1
4185,290,99,0,125345,86142,9545,7161,653,7592,993,9548,182,3310,3,211481,0,0,6,7,2,360,0,38.663967,206236,39376,70024,6925,36804,24687,1,0,5899,713915,6824,7986688,0,0,0,0,150,-1
4185,290,99,0,125667,86353,9558,7171,656,7603,996,9561,182,3313,3,212014,0,0,11,13,3,533,0,41.15308,206260,39376,70024,6925,36808,24687,1,0,5899,713915,6824,7986688,0,0,0,0,150,-1
4185,290,99,0,125948,86517,9567,7178,658,7611,998,9570,182,3315,3,212459,0,0,8,9,2,445,0,37.550201,206060,39376,70024,6955,36759,24687,1,0,5899,713915,6824,7986688,0,0,0,0,150,-1
4185,290,99,0,126262,86712,9579,7188,660,7621,1000,9582,182,3317,3,212968,0,0,10,12,2,509,0,41.414143,205900,39376,70024,7030,36682,24687,1,0,5899,713915,6824,7986688,0,0,0,0,150,-1
4185,290,99,0,126428,86811,9579,7192,656,7621,996,9582,181,3317,3,213233,0,0,0,0,0,265,0,32.05645,205688,39376,70024,7060,36666,24687,2,0,5899,713915,6824,7986688,0,0,0,0,114,-1
4185,290,99,0,126645,86954,9586,7212,643,7627,983,9589,182,3319,3,213593,0,0,6,7,2,360,0,37.903225,205124,39376,70024,7225,36496,24687,2,0,5899,713915,6824,7986688,0,0,0,0,114,-1
4185,290,99,0,126829,87071,9593,7217,645,7633,985,9596,182,3321,3,213894,0,0,6,7,2,301,0,36.746986,204908,39376,70024,7240,36469,24687,1,0,5899,713915,6824,7986688,0,0,0,0,114,-1
4188,290,99,0,127130,87293,9593,7217,645,7633,985,9596,181,3321,3,214417,0,0,0,0,0,523,0,40,205076,39376,74368,7240,36509,24687,1,0,5899,713915,6824,7986688,0,0,0,0,114,-1
4188,290,99,0,127367,87484,9602,7223,648,7642,988,9605,182,3323,3,214845,0,0,9,9,2,428,0,36.895161,205248,39376,69952,7210,36558,24687,1,0,5899,713915,6824,7986688,0,0,0,0,114,-1
4188,290,99,0,127671,87673,9614,7230,651,7652,992,9617,183,3325,3,215338,0,0,10,12,2,493,0,38.353413,205124,39376,69952,7195,36522,24687,1,0,5899,713915,6824,7986688,0,0,0,0,114,-1
4176,350,98,0,70248,52835,6831,4826,510,5372,836,6841,166,3022,8,123078,0,0,7,20,2,159,0,39.473682,192140,54528,83780,6404,36700,25143,16,0,5148,757839,7946,9448359,0,0,0,0,115,-1
4176,350,98,0,70338,52888,6832,4838,502,5372,826,6842,166,3022,9,123221,0,0,0,1,0,143,0,100,193828,73248,84548,1035,36657,30193,18,406,5148,757839,7946,9448359,0,0,0,0,115,-1
4175,350,98,0,70845,53323,6862,4849,513,5391,845,6872,169,3037,8,124163,0,0,19,30,15,942,0,76.430206,200304,66400,83108,953,37707,29083,1,0,5153,758565,8018,9477112,5,726,72,28753,109,-1
4186,340,98,0,110853,81152,8615,6270,587,6765,938,8625,176,3225,13,191999,0,0,32,55,10,523,0,44.09594,197468,31504,89792,9050,36723,20620,4,0,7518,1134944,10228,11355175,0,0,0,0,118,-1
4186,340,98,0,111291,81447,8643,6305,582,6786,934,8653,178,3229,12,192732,0,0,21,28,4,733,0,61.368652,198592,31732,82344,8741,37030,20643,1,0,7525,1135763,10234,11356088,7,819,6,913,118,-1
4186,340,98,0,111788,81767,8650,6318,576,6792,927,8660,178,3230,12,193549,0,0,6,7,1,817,0,49.796749,199320,31752,82348,8531,37214,20645,8,0,7526,1135833,10235,11356140,1,70,1,52,118,-1
4186,340,98,0,111995,81892,8654,6318,579,6795,931,8664,178,3230,12,193881,0,0,3,4,0,332,0,48.472504,199024,32504,83060,8276,37130,20847,2,0,7526,1135833,10235,11356140,0,0,0,0,118,-1
4186,340,98,0,112494,82218,8656,6322,577,6797,929,8666,178,3230,12,194706,0,0,2,2,0,825,0,52.29541,199320,32600,82504,8246,37158,20908,1,0,7526,1135833,10235,11356140,0,0,0,0,118,-1
4186,340,98,0,112607,82284,8656,6322,577,6797,929,8666,178,3230,12,194885,0,0,0,0,0,179,0,43.699188,199216,32604,82504,8276,37133,20910,1,0,7526,1135833,10235,11356140,0,0,0,0,118,-1
4186,340,98,0,112873,82455,8668,6332,579,6807,931,8678,178,3232,12,195322,0,0,10,12,2,437,0,41.749504,199156,32604,82508,8261,37113,20910,1,0,7526,1135833,10235,11356140,0,0,0,0,118,-1
4186,340,98,0,113287,82717,8691,6364,567,6825,921,8701,179,3239,12,195998,0,0,18,23,7,676,0,40.733196,199244,33444,82636,8034,37142,21120,1,0,7526,1135833,10235,11356140,0,0,0,0,118,-1
4186,340,98,0,113454,82834,8691,6367,566,6825,919,8701,177,3239,12,196282,0,0,0,0,0,284,0,35.270542,197956,33444,82636,8334,36815,21120,2,0,7526,1135833,10235,11356140,0,0,0,0,118,-1
4186,340,98,0,113680,82969,8702,6374,570,6835,923,8712,179,3242,14,196643,0,0,10,11,3,361,0,37.373737,198056,33444,82636,8319,36838,21120,1,0,7526,1135833,10235,11356140,0,0,0,0,118,-1
4186,340,98,0,113947,83148,8713,6384,571,6844,924,8723,178,3244,12,197089,0,0,9,11,2,446,0,39.478958,198100,33444,82636,8304,36860,21120,1,0,7526,1135833,10235,11356140,0,0,0,0,118,-1
4186,340,98,0,114313,83362,8725,6394,573,6854,926,8735,178,3246,12,197669,0,0,10,12,2,580,0,39.516129,198184,33444,82640,8259,36871,21120,1,0,7526,1135833,10239,11356852,0,0,4,712,118,-1
4186,340,98,0,114526,83477,8732,6396,576,6860,930,8742,179,3248,12,197997,0,0,6,7,2,328,0,31.863728,198048,33448,82640,8304,36837,21121,1,0,7526,1135833,10239,11356852,0,0,0,0,118,-1
4186,340,98,0,114769,83624,8739,6401,578,6866,932,8749,179,3250,12,198387,0,0,6,7,2,390,0,32.388664,197760,33516,82640,8415,36821,21092,1,0,7526,1135833,10239,11356852,0,0,0,0,118,-1
4186,340,98,0,114931,83710,8739,6404,577,6866,930,8749,177,3250,13,198635,0,0,0,0,0,248,0,34.020618,197284,33676,82640,8565,36826,20997,2,0,7526,1135833,10239,11356852,0,0,0,0,118,-1
4186,340,98,0,115136,83834,8748,6411,579,6874,932,8758,178,3252,12,198964,0,0,8,9,2,329,0,36.127743,197428,33676,82640,8565,36869,20997,1,0,7526,1135833,10239,11356852,0,0,0,0,118,-1
4186,340,98,0,115342,83954,8755,6416,581,6880,934,8765,178,3254,12,199290,0,0,6,7,2,326,0,34.615383,197352,33676,82640,8565,36845,20997,1,0,7526,1135833,10239,11356852,0,0,0,0,118,-1
4181,330,98,0,115565,84103,8766,6440,567,6889,921,8776,178,3261,12,199662,0,0,9,11,7,372,0,38.585857,197444,34644,82816,8340,36868,21244,1,0,7528,1136890,10240,11356892,2,1057,1,40,118,-1
4181,330,98,0,115888,84302,8779,6449,570,6900,925,8789,179,3264,12,200184,0,0,11,13,3,522,0,46.478874,197372,34664,82816,8295,36886,21244,1,0,7529,1136936,10241,11356920,1,46,1,28,118,-1
4181,330,98,0,116187,84463,8788,6457,572,6908,926,8798,178,3266,12,200644,0,0,8,9,2,460,0,35.365852,197476,34664,82816,8280,36875,21244,1,0,7529,1136936,10241,11356920,0,0,0,0,118,-1
4181,330,98,0,116497,84650,8800,6467,574,6918,928,8810,178,3268,12,201141,0,0,10,12,2,497,0,38.229378,196600,34664,82816,8475,36656,21244,2,0,7529,1136936,10241,11356920,0,0,0,0,118,-1
4181,330,98,0,116739,84827,8801,6467,574,6918,929,8811,177,3277,12,201560,0,0,0,1,9,419,0,33.001987,196672,34740,82864,8490,36673,21264,1,0,7529,1136936,10241,11356920,0,0,0,0,118,-1
4181,330,98,0,116957,84948,8808,6472,576,6924,931,8818,178,3279,12,201899,0,0,6,7,2,339,0,36.41851,196588,34740,82864,8475,36652,21264,1,0,7529,1136936,10241,11356920,0,0,0,0,118,-1
4181,330,98,0,117193,85082,8815,6477,578,6930,933,8825,178,3281,12,202269,0,0,6,7,2,370,0,37.274548,196620,34740,82864,8460,36660,21264,1,0,7529,1136936,10241,11356920,0,0,0,0,118,-1
4181,330,98,0,117267,85136,8815,6477,578,6930,933,8825,177,3281,12,202397,0,0,0,0,0,128,0,31.854839,196592,34740,82864,8460,36688,21264,1,0,7529,1136936,10241,11356920,0,0,0,0,118,-1
4181,330,98,0,117532,85292,8822,6482,580,6936,935,8832,178,3283,12,202818,0,0,6,7,2,421,0,36.345383,196380,34796,82864,8475,36644,21233,1,0,7529,1136936,10241,11356920,0,0,0,0,118,-1
4181,330,98,0,117816,85462,8835,6489,584,6947,940,8845,179,3286,12,203272,0,0,11,13,3,454,0,36.254978,196232,34796,82864,8520,36607,21233,2,0,7529,1136936,10241,11356920,0,0,0,0,118,-1
4168,290,99,0,9788,8500,2912,1424,668,2175,1085,2912,189,1515,3,18288,1,0,834,850,822,3612,0,99.397591,220300,57204,83192,644,40941,28535,0,0,225,21838,345,237650,0,0,0,0,117,-1
4168,290,99,0,11129,9665,3383,1925,622,2630,1041,3383,188,1951,2,20794,0,0,455,471,436,2506,0,99.579834,225972,55468,85788,722,42858,27202,0,2,225,21838,345,237650,0,0,0,0,117,-1
4168,290,99,0,12478,10718,3546,2056,664,2786,1074,3546,196,2072,1,23196,0,0,156,163,121,2402,0,100,228640,53080,89348,914,44027,26487,40,0,302,35079,409,281214,77,13241,64,43564,117,-1
4168,290,99,0,13258,11358,3807,2260,721,3047,1131,3807,195,2326,1,24616,0,0,261,261,254,1420,0,99.6008,227480,53012,89384,1212,43705,26502,2,0,308,36316,414,281760,6,1237,5,546,117,-1
4168,290,99,0,14219,12183,4159,2667,629,3384,1028,4159,193,2645,2,26402,0,0,337,352,319,1786,0,75.751076,226912,53672,90152,1405,43540,26715,28,0,308,36316,414,281760,0,0,0,0,117,-1
4168,290,99,0,14689,12447,4166,2671,624,3391,1013,4166,189,2647,1,27136,0,0,7,7,2,734,0,57.599998,225080,53920,90084,1913,43058,26776,5,0,308,36316,414,281760,0,0,0,0,117,-1
4168,290,99,0,15025,12626,4181,2682,626,3404,1016,4181,190,2650,1,27651,0,0,13,15,3,515,0,52.799999,225136,53916,90152,1898,43072,26775,1,0,312,36596,416,281864,4,280,2,104,117,-1
4168,290,99,0,15577,12931,4199,2694,629,3417,1022,4199,190,2658,1,28508,0,0,13,18,8,857,0,59.10931,225312,55316,90472,1523,43118,27132,2,0,312,36596,416,281864,0,0,0,0,117,-1
4168,290,99,0,15906,13116,4209,2702,632,3426,1024,4209,189,2661,1,29022,0,0,9,10,3,514,0,59.200001,225308,55408,90488,1463,43111,27151,2,0,312,36596,416,281864,0,0,0,0,117,-1
4168,290,99,0,16185,13243,4215,2707,633,3431,1025,4215,189,2662,1,29428,0,0,5,6,1,406,0,54.618473,225276,55404,90484,1463,43116,27150,2,0,312,36596,416,281864,0,0,0,0,117,-1
4183,300,99,0,16559,13439,4229,2748,607,3443,998,4229,189,2664,1,29998,0,0,12,14,2,570,0,57.459679,225264,55404,90492,1463,43102,27151,1,0,312,36596,416,281864,0,0,0,0,117,-1
4183,300,99,0,17016,13663,4242,2758,609,3453,1001,4242,189,2666,1,30679,0,0,10,13,2,681,0,59.15493,224896,55448,90516,1542,43009,27163,1,0,312,36596,416,281864,0,0,0,0,117,-1
4183,300,99,0,17313,13804,4251,2762,612,3461,1005,4251,190,2668,1,31117,0,0,8,9,2,438,0,54.274353,224968,55452,90516,1497,43024,27166,5,0,312,36596,417,281892,0,0,1,28,117,-1
4183,300,99,0,17695,13988,4260,2769,614,3469,1007,4260,190,2670,1,31683,0,0,8,9,2,566,0,56,225004,55456,90520,1497,43032,27166,2,0,312,36596,417,281892,0,0,0,0,117,-1
4183,300,99,0,17980,14120,4269,2776,616,3477,1009,4269,190,2672,1,32100,0,0,8,9,2,417,0,53.521126,225056,55456,90520,1467,43082,27166,2,0,312,36596,417,281892,0,0,0,0,117,-1
4183,300,99,0,18220,14242,4275,2785,615,3483,1007,4275,189,2672,1,32462,0,0,6,6,0,362,0,53.968254,225388,55456,90516,1407,43102,27165,2,0,312,36596,417,281892,0,0,0,0,117,-1
4183,300,99,0,18520,14385,4283,2803,606,3490,997,4283,188,2673,1,32905,0,0,7,8,1,443,0,59.274193,225360,55456,90520,1377,43125,27165,1,0,313,36666,418,281944,1,70,1,52,117,-1
4183,300,99,0,18834,14551,4292,2810,608,3498,999,4292,189,2675,1,33385,0,0,8,9,2,480,0,52.727272,225248,55456,90520,1407,43095,27165,1,0,314,36712,419,281972,1,46,1,28,117,-1
4183,300,99,0,19231,14752,4304,2820,610,3508,1001,4304,189,2677,1,33983,0,0,10,12,2,598,0,53.892216,225432,55456,90520,1377,43150,27165,1,0,314,36712,419,281972,0,0,0,0,117,-1
4183,300,99,0,19610,14927,4315,2829,612,3518,1003,4315,189,2679,1,34537,0,0,10,11,2,554,0,56.338028,225384,55456,90524,1377,43130,27166,2,0,314,36712,419,281972,0,0,0,0,117,-1
4183,300,99,0,20001,15116,4327,2839,614,3528,1005,4327,189,2681,1,35117,0,0,10,12,2,580,0,54.581673,225432,55456,90524,1345,43142,27166,2,0,314,36712,419,281972,0,0,0,0,117,-1
4183,300,99,0,20241,15215,4327,2839,614,3528,1005,4327,188,2681,1,35456,0,0,0,0,0,339,0,54.216869,225472,55456,90524,1330,43160,27166,2,0,314,36712,419,281972,0,0,0,0,117,-1
4183,300,99,0,20567,15383,4338,2858,606,3538,997,4338,189,2683,1,35950,0,0,10,11,2,494,0,56.913826,225500,55456,90520,1285,43158,27165,1,0,314,36712,419,281972,0,0,0,0,117,-1
4183,300,99,0,20878,15539,4348,2867,607,3547,998,4348,189,2684,1,36417,0,0,9,10,1,467,0,54.233871,225392,55456,90524,1300,43134,27166,1,0,314,36712,419,281972,0,0,0,0,117,-1
4183,300,99,0,21153,15673,4348,2867,607,3547,998,4348,188,2684,1,36826,0,0,0,0,0,409,0,53.629032,225560,55456,90452,1270,43214,27166,1,0,314,36712,419,281972,0,0,0,0,117,-1
4183,300,99,0,21449,15814,4355,2872,609,3553,1000,4355,188,2686,1,37263,0,0,6,7,2,437,0,55.799999,225624,55456,90448,1255,43196,27165,2,0,314,36712,419,281972,0,0,0,0,117,-1
4183,300,99,0,21865,16032,4368,2881,612,3564,1004,4368,190,2689,1,37897,0,0,11,13,3,634,0,54.365078,225776,55460,90448,1240,43193,27166,2,0,314,36712,419,281972,0,0,0,0,117,-1
4175,320,98,0,37103,26967,5417,3604,623,4292,997,5420,181,2828,1,64066,0,0,18,38,5,249,0,41.093117,200456,40424,89904,5600,38243,22057,16,0,2495,323816,2545,2548596,6,420,0,0,119,-1
4175,320,98,0,37520,27239,5440,3623,624,4308,1002,5443,183,2832,0,64755,0,0,16,23,4,689,0,41.046276,200316,40428,84284,5649,38181,22058,22,0,2499,324096,2545,2548596,4,280,0,0,119,-1
4175,320,98,0,37924,27558,5452,3633,627,4318,1007,5457,182,2832,2,65478,0,0,10,14,0,723,0,37.651821,199784,40672,84380,5692,38076,22119,20,0,2501,324236,2545,2548596,2,140,0,0,119,-1
4175,320,98,0,38388,27855,5485,3645,645,4346,1026,5488,183,2836,0,66239,0,0,28,31,4,761,0,47.36842,199960,40668,84448,5617,38118,22119,2,0,2501,324236,2545,2548596,0,0,0,0,119,-1
4175,320,98,0,38804,28114,5500,3655,649,4358,1030,5503,184,2839,0,66914,0,0,12,15,3,675,0,44.68504,199736,40676,88848,5617,38081,22120,9,0,2505,324516,2545,2548596,4,280,0,0,119,-1
4175,320,98,0,39395,28482,5516,3668,652,4372,1033,5519,183,2842,0,67873,0,0,14,16,3,959,0,47.657841,200100,40676,84368,5587,38161,22121,4,0,2505,324516,2545,2548596,0,0,0,0,119,-1
4175,320,98,0,39802,28739,5537,3703,638,4389,1020,5540,184,2847,0,68537,0,0,17,21,5,664,0,41.497974,200232,40676,84448,5497,38186,22121,1,0,2507,324656,2545,2548596,2,140,0,0,119,-1
4175,320,98,0,40258,28993,5551,3719,638,4401,1018,5554,182,2849,0,69247,0,0,12,14,2,710,0,43.086174,199932,40676,84376,5587,38112,22120,4,0,2507,324656,2545,2548596,0,0,0,0,119,-1
4175,320,98,0,40491,29145,5557,3724,639,4406,1019,5560,181,2850,0,69632,0,0,5,6,1,385,0,33.739838,200048,40676,84384,5572,38148,22121,2,0,2507,324656,2545,2548596,0,0,0,0,119,-1
4187,320,98,0,40745,29306,5568,3737,641,4416,1017,5571,182,2852,0,70047,0,0,10,11,2,415,0,35.119049,200344,40676,84380,5512,38215,22120,1,0,2511,324936,2546,2548624,4,280,1,28,119,-1
4187,320,98,0,41060,29510,5582,3749,643,4428,1019,5585,182,2854,0,70566,0,0,12,14,2,519,0,39.878544,200120,40676,84384,5512,38166,22121,2,0,2512,324982,2547,2548652,1,46,1,28,119,-1
4187,320,98,0,41493,29781,5600,3765,645,4444,1021,5603,182,2856,0,71270,0,0,16,18,2,704,0,38.63179,200224,40676,84380,5482,38192,22120,1,0,2512,324982,2547,2548652,0,0,0,0,119,-1
4187,320,98,0,41721,29918,5608,3786,630,4451,1007,5611,183,2857,0,71635,0,0,7,8,1,365,0,33.737373,200228,40680,84380,5467,38187,22121,1,0,2512,324982,2547,2548652,0,0,0,0,119,-1
4187,320,98,0,42013,30095,5615,3795,630,4458,1006,5618,182,2858,0,72104,0,0,7,7,1,469,0,36.926147,200216,40680,84384,5467,38185,22122,1,0,2514,325122,2547,2548652,2,140,0,0,119,-1
4187,320,98,0,42216,30219,5621,3800,631,4463,1007,5624,181,2859,0,72431,0,0,5,6,1,327,0,33.333332,200360,40680,84380,5437,38221,22121,1,0,2514,325122,2547,2548652,0,0,0,0,119,-1
4187,320,98,0,42467,30372,5632,3809,633,4473,1009,5635,182,2861,0,72835,0,0,10,11,2,404,0,36.088711,200448,40680,84384,5392,38240,22122,1,0,2514,325122,2547,2548652,0,0,0,0,119,-1
4187,320,98,0,42740,30545,5644,3820,634,4484,1010,5647,182,2862,0,73281,0,0,11,12,1,446,0,34.400002,200564,40680,84384,5392,38277,22122,2,0,2514,325122,2547,2548652,0,0,0,0,119,-1
4187,320,98,0,42969,30700,5653,3827,636,4492,1012,5656,182,2864,0,73665,0,0,8,9,2,384,0,34.072582,200476,40680,84384,5377,38249,22122,1,0,2514,325122,2547,2548652,0,0,0,0,119,-1
4187,320,98,0,43310,30918,5672,3840,640,4509,1017,5675,183,2867,0,74224,0,0,17,19,3,559,0,39.959431,200412,40680,84384,5377,38231,22122,1,0,2514,325122,2547,2548652,0,0,0,0,119,-1
4186,310,98,0,43671,31128,5681,3849,641,4517,1018,5684,183,2869,0,74795,0,0,8,9,2,571,0,37.751003,200556,40680,84384,5362,38273,22122,1,0,2514,325122,2547,2548652,0,0,0,0,119,-1
4186,310,98,0,44045,31342,5693,3873,630,4527,1006,5696,182,2871,0,75383,0,0,10,12,2,588,0,44.288578,200448,40680,84384,5362,38243,22122,1,0,2514,325122,2547,2548652,0,0,0,0,119,-1
4186,310,98,0,44209,31456,5698,3877,631,4532,1007,5701,182,2872,0,75661,0,0,5,5,1,278,0,30.861723,200392,40680,84384,5362,38227,22122,1,0,2514,325122,2547,2548652,0,0,0,0,119,-1
4186,310,98,0,44394,31570,5705,3879,634,4538,1011,5708,183,2874,0,75960,0,0,6,7,2,299,0,35.151516,200564,40680,84380,5332,38277,22121,2,0,2514,325122,2547,2548652,0,0,0,0,119,-1
4186,310,98,0,44604,31701,5712,3884,636,4544,1013,5715,183,2876,0,76301,0,0,6,7,2,341,0,32.394367,200684,40680,84384,5287,38300,22122,1,0,2514,325122,2547,2548652,0,0,0,0,119,-1
4186,310,98,0,44936,31937,5712,3887,635,4544,1011,5715,181,2876,0,76869,0,0,0,0,0,568,0,40.404041,200248,40680,88728,5377,38191,22122,1,0,2514,325122,2547,2548652,0,0,0,0,119,-1
4186,310,98,0,45062,32039,5715,3889,636,4547,1012,5718,182,2877,0,77097,0,0,3,3,1,228,0,31.174089,200268,40680,88724,5392,38206,22121,1,0,2514,325122,2547,2548652,0,0,0,0,119,-1
4186,310,98,0,45423,32285,5729,3899,639,4560,1016,5732,183,2879,0,77704,0,0,13,14,2,607,0,40.28056,200244,40680,84312,5392,38190,22122,1,0,2514,325122,2547,2548652,0,0,0,0,119,-1
4176,300,98,0,51260,38157,7270,4848,704,5699,1145,7271,199,3539,1,89417,0,0,6,11,1,348,0,54.584221,226048,27260,94608,641,49853,13534,0,0,1989,213692,6623,8929406,4,280,2,104,111,-1
4176,300,98,0,51696,38444,7318,4862,715,5724,1153,7319,199,3546,2,90140,0,0,25,48,7,723,0,51.973682,219868,30152,88640,1413,48434,14178,28,0,2010,216212,6639,8935090,21,2520,16,5684,123,-1
4176,300,98,0,52032,38725,7347,4884,727,5748,1160,7348,198,3556,3,90757,0,0,24,29,10,617,0,71.328674,221196,34196,90644,694,48516,15463,0,6,2010,216212,6641,8935210,0,0,2,120,109,-1
4176,300,98,0,52642,39174,7503,4927,732,5836,1179,7504,200,3593,1,91816,0,0,88,156,37,1059,0,99.13295,222508,31408,94404,1577,48651,14911,0,0,2021,217300,6686,8950506,11,1088,45,15296,109,-1
4176,300,98,0,53341,39679,7643,5016,733,5943,1158,7645,196,3651,6,93019,0,0,107,141,58,1203,0,80.717491,215192,38928,98724,1940,46503,17111,27,0,2101,224809,6771,9026034,80,7509,85,75528,111,-1
4177,310,98,0,55148,40437,6291,4279,596,4969,988,6292,183,2925,6,95585,0,0,8,22,3,155,0,41.40625,203004,32052,86056,8498,39697,19456,2,0,674,82974,899,624653,0,0,0,0,118,-1
4177,310,98,0,55567,40710,6329,4294,610,4995,991,6330,185,2931,6,96277,0,0,26,38,6,692,0,41.263157,202296,32956,83644,8091,39356,19540,19,0,674,82974,899,624653,0,0,0,0,118,-1
4177,310,98,0,56149,41168,6346,4312,606,5006,991,6347,185,2932,6,97317,0,0,11,17,1,1040,0,53.623188,205364,35428,84912,6656,40139,20172,15,0,676,83126,899,624653,2,152,0,0,118,-1
4186,310,98,0,56310,41267,6346,4312,606,5006,991,6347,184,2932,6,97577,0,0,0,0,0,260,0,38.78788,205352,35476,84928,6649,40121,20172,6,0,688,84991,909,625758,12,1865,10,1105,118,-1
4186,310,98,0,56503,41377,6346,4312,606,5006,991,6347,184,2932,6,97880,0,0,0,0,0,303,0,31.111111,205472,35484,84716,6634,40149,20174,10,0,688,84991,909,625758,0,0,0,0,118,-1
4186,310,98,0,56859,41614,6352,4316,608,5012,993,6353,185,2933,6,98473,0,0,6,6,1,593,0,38.84462,205056,35484,84856,6709,40045,20174,5,0,688,84991,909,625758,0,0,0,0,118,-1
4186,310,98,0,57119,41787,6365,4325,611,5023,997,6366,186,2936,6,98906,0,0,11,13,3,433,0,38.46154,205112,35516,85124,6664,40059,20182,2,0,688,84991,909,625758,0,0,0,0,118,-1
4186,310,98,0,57574,42039,6386,4346,611,5041,997,6387,187,2939,6,99613,0,0,18,21,3,707,0,42.799191,205700,35908,85120,6499,40190,20295,2,0,688,84991,909,625758,0,0,0,0,118,-1
4186,310,98,0,57836,42210,6392,4352,612,5046,997,6393,185,2940,6,100046,0,0,5,6,1,433,0,34.930141,205720,35908,85196,6454,40199,20296,4,0,688,84991,909,625758,0,0,0,0,118,-1
4186,310,98,0,58253,42478,6414,4377,609,5065,993,6415,186,2943,6,100731,0,0,19,22,3,685,0,46.492985,206092,35904,85200,6394,40285,20298,8,0,688,84991,909,625758,0,0,0,0,118,-1
4186,310,98,0,58557,42677,6428,4389,612,5077,996,6429,186,2945,6,101234,0,0,12,14,2,503,0,39.271255,206160,35912,85204,6349,40301,20301,5,0,688,84991,909,625758,0,0,0,0,118,-1
4186,310,98,0,59049,43002,6456,4414,614,5103,999,6457,187,2947,6,102051,0,0,26,28,2,817,0,41.330647,206216,35912,85208,6332,40322,20301,2,0,688,84991,909,625758,0,0,0,0,118,-1
4186,310,98,0,59527,43310,6474,4429,617,5118,1001,6475,187,2950,6,102837,0,0,15,18,3,786,0,48.393574,206524,36448,85304,6092,40382,20446,1,0,688,84991,909,625758,0,0,0,0,118,-1
4186,310,98,0,59871,43533,6487,4440,619,5130,1003,6488,187,2952,6,103404,0,0,12,13,2,567,0,41.683777,206144,36452,87336,5715,40286,20447,2,0,688,84991,909,625758,0,0,0,0,118,-1
4186,310,98,0,60040,43641,6490,4443,620,5132,1004,6491,186,2953,8,103681,0,0,2,3,1,277,0,35.458168,206100,36488,85964,5910,40240,20457,2,0,688,84991,909,625758,0,0,0,0,118,-1
4186,310,98,0,60399,43885,6502,4466,610,5142,993,6503,186,2956,6,104284,0,0,10,12,3,603,0,43.584522,206312,36488,85312,6135,40334,20457,1,0,688,84991,909,625758,0,0,0,0,118,-1
4186,310,98,0,60751,44126,6514,4476,612,5152,995,6515,186,2958,6,104877,0,0,10,12,2,593,0,46.262627,205728,36496,85312,6285,40184,20459,1,0,688,84991,909,625758,0,0,0,0,118,-1
4186,310,98,0,61071,44353,6524,4486,610,5160,994,6525,186,2960,6,105424,0,0,8,10,2,547,0,43.200001,206864,36496,88364,5295,40468,20459,1,0,688,84991,909,625758,0,0,0,0,118,-1
4186,310,98,0,61494,44630,6547,4506,613,5181,997,6548,187,2963,6,106124,0,0,21,23,3,700,0,44.400002,206836,36496,85316,5970,40493,20459,1,0,688,84991,909,625758,0,0,0,0,118,-1
4186,310,98,0,61837,44859,6556,4515,614,5189,998,6557,187,2965,6,106696,0,0,8,9,2,572,0,38.57143,206872,36496,85968,5835,40466,20459,2,0,688,84991,909,625758,0,0,0,0,118,-1
4186,310,98,0,62251,45114,6575,4532,617,5206,1000,6576,186,2968,6,107365,0,0,17,19,3,669,0,41.26984,206892,36496,85316,5985,40473,20459,1,0,688,84991,909,625758,0,0,0,0,118,-1
4186,310,98,0,62615,45354,6587,4539,620,5216,1004,6588,187,2970,6,107969,0,0,10,12,2,604,0,42.970299,206928,36496,88364,5220,40480,20459,1,0,688,84991,910,625786,0,0,1,28,118,-1
4186,310,98,0,62940,45582,6599,4553,620,5227,1003,6600,186,2971,6,108522,0,0,11,12,1,553,0,42.07317,206864,36496,85316,6000,40465,20459,1,0,688,84991,910,625786,0,0,0,0,118,-1
4186,310,98,0,63411,45881,6616,4579,611,5241,994,6617,186,2975,6,109292,0,0,14,17,4,770,0,52.811245,206188,36496,85316,6165,40295,20459,1,0,688,84991,910,625786,0,0,0,0,118,-1
4187,310,98,0,63808,46159,6624,4579,617,5248,1001,6625,186,2978,6,109967,0,0,7,8,3,675,0,50.718685,207332,36988,92860,5040,40582,20586,21,0,688,84991,910,625786,0,0,0,0,118,-1
4187,310,98,0,63989,46324,6635,4587,620,5259,1004,6636,187,2980,6,110313,0,0,11,11,2,346,0,33.92857,207524,37000,92860,4982,40627,20588,2,0,688,84991,910,625786,0,0,0,0,118,-1
4187,310,98,0,64346,46589,6649,4600,621,5272,1005,6650,187,2981,6,110935,0,0,13,14,1,622,0,43.032787,207872,37004,85392,5597,40747,20590,5,0,688,84991,910,625786,0,0,0,0,118,-1
4188,290,99,0,109793,75363,8877,6615,598,7045,927,8880,171,3226,3,185150,0,0,8,22,3,160,0,37.119675,202316,33176,68796,11971,36517,22441,17,1,4182,576331,4081,3950922,0,0,0,0,121,-1
4188,290,99,0,110171,75621,8912,6632,609,7067,947,8915,173,3230,3,185786,0,0,22,35,4,636,0,82.258064,207308,36160,70680,9147,37628,23304,526,0,4201,578828,4094,3955530,19,2497,13,4608,121,-1
4188,290,99,0,111062,76300,8943,6663,610,7092,948,8946,174,3235,3,187356,0,0,25,31,5,1570,0,72.279259,211072,36304,70756,8157,38561,23366,25,0,4220,580528,4111,3974546,19,1700,17,19016,121,-1
4185,290,99,0,111590,76636,8962,6680,611,7106,949,8965,174,3237,3,188220,0,0,14,19,2,864,0,62.396694,209916,37560,70760,7949,38279,23686,297,0,5058,648828,5288,5722757,838,68300,1177,1748211,121,-1
4185,290,99,0,111921,76854,8968,6685,612,7111,950,8971,173,3238,3,188769,0,0,5,6,1,549,0,53.164558,210372,42256,70768,6786,38367,24878,0,0,5850,708820,6789,7972609,792,59992,1501,2249852,121,-1
4185,290,99,0,112473,77266,8982,6701,608,7124,947,8985,175,3240,3,189733,0,0,13,14,2,964,0,49.798386,210636,42292,72848,6171,38429,24887,19,0,5850,708820,6789,7972609,0,0,0,0,121,-1
4185,290,99,0,112855,77531,8995,6712,610,7134,949,8998,175,3242,3,190380,0,0,10,13,2,647,0,46.666668,211012,42300,72920,6111,38524,24889,24,0,5862,710038,6800,7982196,12,1218,11,9587,121,-1
4185,290,99,0,113054,77680,9000,6719,610,7139,948,9003,174,3243,3,190728,0,0,5,5,1,348,0,37.649403,209276,42308,70780,7041,38088,24891,4,0,5863,710108,6801,7982248,1,70,1,52,121,-1
4185,290,99,0,113774,78182,9034,6744,617,7168,956,9037,176,3247,3,191950,0,0,29,34,4,1222,0,65.030678,211944,42376,71796,6124,38754,24911,9,0,5869,710860,6805,7982840,6,752,4,592,121,-1
4185,290,99,0,114033,78348,9040,6765,605,7174,942,9043,175,3247,3,192375,0,0,6,6,0,425,0,37.799999,209916,42392,70820,6874,38255,24915,6,0,5869,710860,6805,7982840,0,0,0,0,121,-1
4185,290,99,0,114416,78612,9062,6782,608,7194,946,9065,176,3249,3,193022,0,0,20,22,2,647,0,43.407707,209908,42424,70820,6859,38252,24923,9,0,5869,710860,6806,7982868,0,0,1,28,121,-1
4185,290,99,0,114973,78998,9093,6814,608,7223,946,9096,175,3250,3,193965,0,0,29,31,1,943,0,47.791164,210112,42464,70820,6829,38295,24933,11,0,5869,710860,6806,7982868,0,0,0,0,121,-1
4185,290,99,0,115396,79306,9117,6833,611,7245,950,9120,176,3252,3,194696,0,0,22,24,2,731,0,48.453609,210448,42544,73748,6019,38378,24953,10,0,5869,710860,6806,7982868,0,0,0,0,121,-1
4187,290,99,0,115714,79544,9129,6848,610,7255,948,9132,175,3252,3,195252,0,0,10,12,0,556,0,45.238094,212228,42624,70856,6259,38787,24975,9,0,5881,712397,6815,7986182,12,1537,9,3314,121,-1
4187,290,99,0,116116,79811,9145,6863,611,7270,949,9148,175,3253,3,195921,0,0,15,16,1,669,0,44.376278,212236,42632,70852,6214,38827,24977,13,0,5881,712397,6815,7986182,0,0,0,0,121,-1
4187,290,99,0,116370,79977,9155,6879,606,7279,943,9158,175,3254,3,196341,0,0,9,10,1,420,0,37.574554,212288,42632,70856,6229,38842,24978,2,0,5881,712397,6815,7986182,0,0,0,0,121,-1
4187,290,99,0,116695,80199,9180,6895,611,7301,951,9183,177,3256,3,196888,0,0,22,25,2,547,0,39.878544,212668,42632,73356,5524,38924,24985,8,0,5881,712397,6815,7986182,0,0,0,0,121,-1
4187,290,99,0,116836,80297,9186,6899,612,7306,953,9189,177,3256,3,197127,0,0,5,6,0,239,0,32.064129,212792,42640,73360,5494,38956,24987,7,0,5882,712467,6816,7986234,1,70,1,52,121,-1
4187,290,99,0,116956,80386,9189,6901,613,7309,954,9192,177,3257,3,197336,0,0,3,3,1,209,0,31.726908,212680,42640,73356,5494,38930,24986,3,0,5882,712467,6816,7986234,0,0,0,0,121,-1
4187,290,99,0,117270,80582,9205,6915,614,7324,956,9208,177,3257,3,197846,0,0,15,16,0,510,0,35.641548,212708,42640,73360,5479,38934,24987,1,0,5882,712467,6816,7986234,0,0,0,0,121,-1
4187,290,99,0,117539,80757,9224,6927,620,7342,963,9227,179,3260,5,198290,0,0,18,19,3,444,0,34.475807,212756,42708,73360,5854,38940,25012,1,0,5882,712467,6816,7986234,0,0,0,0,121,-1
4187,290,99,0,117826,80974,9232,6936,619,7349,962,9235,178,3260,3,198794,0,0,7,8,0,504,0,41.716568,212696,42716,79496,3949,38923,25013,1,0,5882,712467,6816,7986234,0,0,0,0,121,-1
4187,290,99,0,118309,81343,9244,6948,619,7361,962,9247,178,3260,3,199646,0,0,12,12,0,852,0,53.614456,212728,42724,79496,3919,38932,25015,1,0,5882,712467,6816,7986234,0,0,0,0,121,-1
4187,290,99,0,118592,81565,9252,6956,619,7369,962,9255,178,3260,3,200151,0,0,8,8,0,505,0,42.020203,212760,42724,79496,3919,38939,25015,1,0,5882,712467,6816,7986234,0,0,0,0,121,-1
4187,290,99,0,118845,81763,9260,6971,615,7377,955,9263,178,3260,3,200602,0,0,8,8,0,451,0,41.649899,212796,42724,79496,3904,38984,25015,1,0,5882,712467,6816,7986234,0,0,0,0,121,-1
4187,290,99,0,119135,81986,9263,6973,616,7380,956,9266,178,3261,3,201115,0,0,3,3,1,513,0,39.278557,212488,42724,83840,3964,38872,25014,1,0,5882,712467,6816,7986234,0,0,0,0,121,-1
4187,290,99,0,119488,82270,9275,6983,618,7392,958,9278,178,3262,3,201752,0,0,12,12,1,637,0,42.60355,212740,42724,79424,3949,38899,25015,1,0,5882,712467,6816,7986234,0,0,0,0,121,-1
4187,290,99,0,119891,82564,9279,6987,618,7396,958,9282,178,3262,3,202449,0,0,4,4,0,697,0,51.626015,212644,42724,79424,3949,38910,25015,1,0,5882,712467,6816,7986234,0,0,0,0,121,-1
4180,320,98,0,48150,35121,5666,3820,626,4489,1002,5667,180,2828,4,83271,0,0,48,84,11,778,0,49.335548,212580,50704,92252,784,39189,26817,13,0,581,74977,762,531502,25,3022,19,7299,121,-1
4180,320,98,0,48751,35555,5730,3836,641,4515,1051,5731,184,2837,4,84306,1,0,26,64,9,1035,0,95.549736,217376,49960,90456,616,42145,25053,0,0,584,75538,765,531682,3,561,3,180,156,-1
4180,320,98,0,49715,36331,5858,3912,642,4618,1050,5859,187,2863,3,86046,0,0,103,128,26,1740,0,65.327698,215592,49988,92888,1516,41754,24739,35,0,595,76626,822,549586,11,1088,57,17904,115,-1
4180,320,98,0,50336,36749,5908,3963,640,4667,1049,5909,189,2871,3,87085,0,0,49,50,8,1039,0,92.330383,203564,35840,89928,896,42072,17902,12,0,652,80122,879,620468,57,3496,57,70882,115,-1
4175,310,98,0,50626,36970,5926,4004,619,4685,1026,5927,189,2871,3,87596,0,0,18,18,0,511,0,100,203928,35852,94288,923,42125,17903,16,0,655,80521,883,622337,3,399,4,1869,115,-1
4175,310,98,0,50986,37239,5949,4026,620,4708,1027,5950,189,2871,3,88225,0,0,23,23,0,629,0,100,203144,36644,88644,1216,42022,18014,15,0,655,80521,883,622337,0,0,0,0,115,-1
4175,310,98,0,51265,37469,6006,4038,645,4750,1048,6007,188,2894,6,88734,1,0,42,57,23,509,0,100,202644,36028,88308,1460,41793,17972,10,0,674,82974,899,624653,19,2453,16,2316,148,-1
4175,310,98,0,51717,37810,6056,4100,632,4799,1036,6057,190,2910,3,89527,0,0,49,50,16,793,0,100,202760,36532,88428,1268,41866,18089,20,0,674,82974,899,624653,0,0,0,0,115,-1
4175,310,98,0,51989,38018,6074,4118,632,4817,1036,6075,190,2910,3,90007,0,0,18,18,0,480,0,100,203028,36540,88424,1193,41885,18090,13,0,674,82974,899,624653,0,0,0,0,115,-1
4175,310,98,0,52221,38191,6092,4136,632,4835,1036,6093,190,2910,3,90412,0,0,18,18,0,405,0,100,203072,36540,88428,1178,41896,18091,13,0,674,82974,899,624653,0,0,0,0,115,-1
4175,310,98,0,52374,38305,6102,4146,632,4845,1036,6103,190,2910,3,90679,0,0,10,10,0,267,0,100,202732,36540,88424,1253,41816,18090,4,0,674,82974,899,624653,0,0,0,0,115,-1
4175,310,98,0,52640,38505,6118,4162,632,4861,1036,6119,189,2910,3,91145,0,0,16,16,0,466,0,100,202836,36540,88424,1210,41841,18091,5,0,674,82974,899,624653,0,0,0,0,115,-1
4175,310,98,0,52913,38711,6139,4182,633,4882,1037,6140,190,2911,3,91624,0,0,21,21,1,479,0,100,202820,36544,88428,1208,41832,18092,6,0,674,82974,899,624653,0,0,0,0,115,-1
4175,310,98,0,53301,39005,6170,4211,635,4913,1039,6171,190,2911,4,92306,0,0,31,31,0,682,0,100,199584,35600,85980,2226,40689,18199,9,0,674,82974,899,624653,0,0,0,0,109,-1
4185,320,98,0,26214,20650,4804,3161,632,3857,1014,4805,185,2710,0,46864,0,0,22,45,12,345,0,41.275799,213620,48852,93204,954,38890,26768,1,0,361,44393,488,316636,17,2658,48,15877,114,-1
4185,320,98,0,26818,21084,4833,3192,629,3877,1015,4834,183,2719,0,47902,0,0,20,29,9,1038,0,65.865387,210684,51996,90828,774,39197,26543,5,0,369,46521,548,339991,8,2128,60,23355,114,-1
4185,320,98,0,27453,21535,4842,3197,631,3885,1017,4843,184,2721,0,48988,0,0,8,9,2,1086,0,57.438015,210324,52208,90868,924,39222,26495,14,0,369,46521,548,339991,0,0,0,0,114,-1
4185,320,98,0,27673,21672,4845,3202,631,3888,1016,4846,183,2722,0,49345,0,0,3,3,1,357,0,44.088177,210344,52208,90836,879,39225,26498,10,0,369,46521,548,339991,0,0,0,0,114,-1
4185,320,98,0,27969,21859,4845,3202,631,3888,1016,4846,182,2722,0,49828,0,0,0,0,0,483,0,46.076458,210064,52216,90860,924,39158,26498,9,0,369,46521,548,339991,0,0,0,0,114,-1
4185,320,98,0,28276,22042,4853,3207,634,3895,1019,4854,182,2724,0,50318,0,0,7,8,2,490,0,45.141701,209828,52216,90856,984,39108,26497,2,0,369,46521,548,339991,0,0,0,0,114,-1
4185,320,98,0,28409,22136,4861,3209,638,3902,1024,4862,183,2726,0,50545,0,0,7,8,2,227,0,45.161289,208780,52428,92016,909,39134,26251,4,0,369,46521,548,339991,0,0,0,0,114,-1
4185,320,98,0,28556,22199,4861,3209,638,3902,1024,4862,183,2726,0,50755,0,0,0,0,0,210,0,34.623219,208300,52428,92592,864,39028,26251,1,0,369,46521,548,339991,0,0,0,0,114,-1
4185,320,98,0,28677,22274,4861,3223,624,3902,1010,4862,183,2726,0,50951,0,0,0,0,0,196,0,33.532932,208444,52428,92592,834,39060,26251,4,0,369,46521,548,339991,0,0,0,0,114,-1
4185,320,98,0,28788,22326,4861,3223,624,3902,1010,4862,183,2726,0,51114,0,0,0,0,0,163,0,34.879032,207548,52428,92592,1044,38831,26251,2,0,369,46521,548,339991,0,0,0,0,114,-1
4185,320,98,0,28871,22376,4861,3223,624,3902,1010,4862,183,2726,0,51247,0,0,0,0,0,133,0,33.19838,207668,52428,92592,1044,38862,26251,1,0,369,46521,548,339991,0,0,0,0,114,-1
4185,320,98,0,29239,22596,4861,3226,623,3902,1008,4862,182,2726,0,51835,0,0,0,0,0,588,0,43.636364,207584,52428,90864,1464,38840,26251,2,0,369,46521,548,339991,0,0,0,0,114,-1
4185,320,98,0,29467,22739,4861,3226,623,3902,1008,4862,182,2726,0,52206,0,0,0,0,0,371,0,47.50499,207164,52428,90864,1554,38730,26251,2,0,369,46521,548,339991,0,0,0,0,114,-1
4185,320,98,0,29741,22911,4869,3228,627,3909,1013,4870,184,2728,0,52652,0,0,7,8,2,446,0,40.202019,206840,52428,90892,1644,38651,26251,1,0,369,46521,548,339991,0,0,0,0,114,-1
4185,320,98,0,30040,23099,4869,3263,599,3909,979,4870,182,2728,0,53139,0,0,0,0,0,487,0,48.282829,207200,52424,90872,1554,38738,26251,1,0,369,46521,548,339991,0,0,0,0,114,-1
4185,320,98,0,30607,23426,4879,3270,602,3918,982,4880,183,2730,0,54033,0,0,9,10,2,894,0,57.370518,207104,52424,90872,1569,38720,26251,1,0,369,46521,548,339991,0,0,0,0,114,-1
4185,320,98,0,30827,23562,4882,3272,603,3921,983,4883,183,2731,0,54389,0,0,3,3,1,356,0,46.586346,206768,52424,90876,1629,38637,26252,1,0,369,46521,548,339991,0,0,0,0,114,-1
4185,320,98,0,31078,23735,4882,3280,595,3921,975,4883,182,2731,0,54813,0,0,0,0,0,424,0,43.089432,206820,52424,90876,1614,38643,26252,1,0,369,46521,548,339991,0,0,0,0,114,-1
4186,320,98,0,31386,23935,4882,3280,595,3921,975,4883,182,2731,0,55321,0,0,0,0,0,508,0,53.75494,206628,52424,90876,1646,38634,26252,2,0,369,46521,548,339991,0,0,0,0,114,-1
4186,320,98,0,31663,24108,4882,3280,595,3921,975,4883,182,2731,0,55771,0,0,0,0,0,450,0,49.304176,206780,52424,90876,1616,38633,26252,2,0,369,46521,548,339991,0,0,0,0,114,-1
4186,320,98,0,32081,24388,4882,3280,595,3921,975,4883,182,2731,0,56469,0,0,0,0,0,698,0,60.569107,206800,52424,90876,1616,38639,26252,2,0,369,46521,548,339991,0,0,0,0,114,-1
4186,320,98,0,32209,24460,4882,3280,595,3921,975,4883,182,2731,0,56669,0,0,0,0,0,200,0,36.767677,206552,52424,90876,1646,38582,26252,1,0,369,46521,548,339991,0,0,0,0,114,-1
4186,320,98,0,32412,24597,4882,3280,595,3921,975,4883,182,2731,0,57009,0,0,0,0,0,340,0,47.983871,206784,52424,90876,1601,38633,26252,1,0,369,46521,548,339991,0,0,0,0,114,-1
4186,320,98,0,32837,24866,4894,3290,597,3932,977,4895,183,2733,0,57703,0,0,11,12,2,694,0,50.396824,206932,52424,90872,1541,38671,26251,1,0,369,46521,548,339991,0,0,0,0,114,-1
4186,320,98,0,32967,24959,4894,3290,597,3932,977,4895,182,2733,0,57926,0,0,0,0,0,223,0,38.729507,206840,52424,90872,1556,38650,26251,1,0,369,46521,548,339991,0,0,0,0,114,-1
4186,320,98,0,33188,25107,4894,3290,597,3932,977,4895,182,2733,0,58295,0,0,0,0,0,369,0,47.250507,206968,52424,90872,1526,38682,26251,2,0,369,46521,548,339991,0,0,0,0,114,-1
4186,320,98,0,33507,25309,4894,3290,597,3932,977,4895,182,2733,0,58816,0,0,0,0,0,521,0,46.616543,206720,52424,90872,1601,38635,26251,2,0,369,46521,548,339991,0,0,0,0,114,-1
4182,310,98,0,89773,65999,7253,5120,559,5746,935,7255,178,3027,5,155770,0,0,13,48,5,405,0,48.4375,205372,36872,89388,5119,39500,21205,28,0,814,101758,992,669432,4,280,0,0,117,-1
4182,310,98,0,90616,66628,7362,5179,572,5814,970,7364,183,3037,4,157242,0,0,68,109,10,1472,0,96.338676,207920,38292,90740,2317,39959,21659,0,0,818,102038,992,669432,4,280,0,0,117,-1
4182,310,98,0,91567,67406,7424,5246,575,5875,964,7426,183,3038,4,158971,0,0,61,62,1,1729,0,90.534981,206476,38324,90784,2688,39586,21668,15,0,824,103274,997,669978,6,1236,5,546,117,-1
4182,310,98,0,92310,67974,7474,5298,573,5925,962,7476,183,3038,4,160282,0,0,50,50,0,1311,0,88.531189,206472,38324,90668,3003,39615,21670,9,0,824,103274,997,669978,0,0,0,0,117,-1
4182,310,98,0,92918,68444,7520,5345,572,5971,961,7522,183,3038,5,161360,0,0,46,46,0,1078,0,89.743591,206408,38332,90784,3003,39600,21669,2,0,827,103484,997,669978,3,210,0,0,117,-1
4153,310,98,0,93666,69022,7567,5391,573,6018,962,7569,183,3038,4,162686,0,0,47,47,0,1326,0,88.484848,206208,38332,90672,3063,39564,21669,1,0,828,103554,997,669978,1,70,0,0,117,-1
4153,310,98,0,94360,69551,7625,5444,576,6074,966,7627,184,3040,4,163909,0,0,56,58,2,1223,0,90.114067,206260,38332,90676,3048,39561,21670,1,0,828,103554,997,669978,0,0,0,0,117,-1
4153,310,98,0,95142,70113,7677,5498,574,6124,964,7679,184,3042,4,165253,0,0,50,52,2,1344,0,89.914162,206104,38332,90672,3078,39533,21669,5,0,828,103554,997,669978,0,0,0,0,117,-1
4153,310,98,0,95957,70728,7731,5554,574,6177,963,7733,183,3043,4,166683,0,0,53,54,1,1430,0,90.503876,205908,38336,90796,3138,39474,21670,1,0,828,103554,997,669978,0,0,0,0,117,-1
4153,310,98,0,96627,71229,7777,5603,571,6222,960,7779,183,3044,4,167854,0,0,45,46,1,1171,0,90.368851,206000,38332,90792,3106,39497,21669,5,0,829,103624,997,669978,1,70,0,0,117,-1
4153,310,98,0,97424,71816,7831,5653,575,6274,964,7833,183,3046,4,169238,0,0,52,54,2,1384,0,89.411766,205852,38332,90792,3136,39461,21669,1,0,831,103764,997,669978,2,140,0,0,117,-1
4153,310,98,0,98274,72427,7885,5705,577,6326,966,7887,183,3048,4,170699,0,0,52,54,2,1461,0,89.378761,205952,38332,90792,3121,39486,21669,1,0,833,103880,998,670006,2,116,1,28,117,-1
4153,310,98,0,98976,72966,7939,5762,572,6379,962,7941,184,3049,4,171940,0,0,53,54,1,1241,0,89.549179,205992,38344,90800,3106,39495,21673,5,0,833,103880,998,670006,0,0,0,0,117,-1
4153,310,98,0,99673,73493,7984,5807,574,6424,963,7986,183,3050,4,173164,0,0,45,45,1,1224,0,87.401573,205976,38344,90676,3106,39491,21672,1,0,833,103880,998,670006,0,0,0,0,117,-1
4153,310,98,0,100454,74078,8032,5856,573,6471,962,8034,183,3051,4,174530,0,0,47,48,1,1366,0,88.259109,205832,38344,90680,3151,39455,21672,6,0,833,103880,998,670006,0,0,0,0,117,-1
4157,310,98,0,101172,74612,8090,5916,571,6528,960,8092,183,3054,4,175782,0,0,57,58,3,1252,0,89.880951,206096,39332,90888,2836,39555,21919,1,0,843,105663,1005,671057,10,1783,7,1051,117,-1
4157,310,98,0,101876,75138,8142,5965,574,6579,963,8144,183,3055,4,177012,0,0,51,52,1,1230,0,87.025948,205976,39332,90768,2866,39492,21919,1,0,843,105663,1005,671057,0,0,0,0,117,-1
4157,310,98,0,102587,75679,8192,6016,573,6628,962,8194,183,3056,4,178264,0,0,49,50,1,1252,0,88.235291,205584,39332,90772,2956,39392,21919,1,0,843,105663,1005,671057,0,0,0,0,117,-1
4157,310,98,0,103432,76306,8250,6077,570,6684,959,8252,183,3058,4,179736,0,0,56,58,2,1472,0,91.480728,205444,39332,90768,3001,39365,21920,1,0,843,105663,1005,671057,0,0,0,0,117,-1
4157,310,98,0,104259,76925,8310,6134,573,6743,962,8312,183,3059,4,181182,0,0,59,60,1,1446,0,89.494164,205256,39332,90768,3046,39312,21919,1,0,843,105663,1005,671057,0,0,0,0,117,-1
4157,310,98,0,105115,77540,8366,6195,568,6797,957,8368,183,3061,4,182653,0,0,54,56,2,1471,0,91.767067,205188,39332,90896,3061,39293,21920,1,0,843,105663,1005,671057,0,0,0,0,117,-1
4157,310,98,0,105871,78111,8414,6243,568,6845,957,8416,183,3061,4,183980,0,0,48,48,0,1327,0,90.38076,205060,39332,90772,3091,39262,21919,1,0,843,105663,1005,671057,0,0,0,0,117,-1
4157,310,98,0,106600,78666,8468,6294,571,6898,960,8470,183,3062,5,185264,0,0,53,54,1,1284,0,90.322578,205032,39332,90776,3091,39255,21920,6,0,843,105663,1005,671057,0,0,0,0,117,-1
4157,310,98,0,107420,79288,8524,6352,569,6953,958,8526,183,3063,4,186706,0,0,55,56,1,1442,0,91.417168,205064,39332,90776,3076,39263,21920,1,0,843,105663,1005,671057,0,0,0,0,117,-1
4157,310,98,0,108106,79823,8578,6406,569,7007,958,8580,183,3063,4,187927,0,0,54,54,0,1221,0,88.977959,204972,39332,90772,3091,39277,21919,1,4,843,105663,1005,671057,0,0,0,0,117,-1
4167,310,98,0,108833,80364,8630,6457,570,7058,959,8632,183,3064,4,189195,0,0,51,52,1,1268,0,87.800003,204920,39332,90776,3106,39227,21920,6,0,843,105663,1005,671057,0,0,0,0,117,-1
4167,310,98,0,109639,80951,8688,6512,572,7114,962,8690,184,3066,4,190588,0,0,56,58,2,1393,0,88.490562,204888,39332,90772,3091,39219,21919,1,0,843,105663,1005,671057,0,0,0,0,117,-1
4157,320,98,0,144859,115944,9802,6856,593,7624,956,9806,179,3929,9,260800,0,0,8,21,6,312,0,39.300411,203728,39320,83480,1624,39918,20941,21,12,3097,379248,7623,9746159,0,0,0,0,121,-1
4157,320,98,0,145752,116526,9839,6871,604,7647,978,9843,185,3935,9,262275,0,0,23,37,6,1475,0,73.757454,205508,40292,85444,1037,40999,20520,1,0,3111,380399,7627,9746758,14,1151,4,599,121,-1
4157,320,98,0,146450,116942,9868,6893,614,7671,987,9872,185,3940,9,263389,0,0,24,29,5,1114,0,65.094337,204436,40416,85532,2029,41116,20182,13,0,3119,381232,7633,9747386,8,833,6,628,121,-1
4157,320,98,0,147105,117390,9915,6961,591,7708,964,9919,186,3943,9,264492,0,0,37,47,3,1103,0,63.095238,206428,40496,89972,680,41757,20097,2,0,3119,381232,7633,9747386,0,0,0,0,121,-1
4157,320,98,0,147566,117683,9934,6982,589,7721,962,9938,186,3946,9,265246,0,0,13,19,3,754,0,99.357605,221588,38364,88216,1186,47576,17512,801,0,3175,385395,7649,9748989,56,4163,16,1603,121,-1
4157,320,98,0,148252,118115,9949,6990,595,7734,969,9953,188,3949,9,266364,0,0,13,15,3,1118,0,83.817429,224604,35456,83912,850,48008,17107,700,0,4318,438141,7653,9749175,1143,52746,4,186,121,-1
4155,320,98,0,148843,118499,9970,7018,588,7751,962,9974,191,3954,9,267339,0,0,17,21,5,975,0,80.42453,223040,37876,84516,962,47399,17969,0,0,4803,480854,7882,9760262,485,42713,229,11087,157,-1
4155,320,98,0,149355,118863,10027,7050,605,7793,989,10031,196,3970,9,268215,0,0,42,57,16,876,0,95.056183,220332,32180,87728,2565,47312,15993,0,0,4825,488507,7897,9765606,22,7653,15,5344,121,-1
4155,320,98,0,150258,119430,10047,7072,591,7809,964,10051,191,3972,9,269685,0,0,16,20,2,1470,0,99.13607,218604,32836,82880,3030,46709,16162,15,0,4825,488507,7898,9765634,0,0,1,28,121,-1
4155,320,98,0,151028,119922,10060,7074,598,7820,973,10064,192,3976,9,270947,0,0,11,13,4,1262,0,97.268906,218512,33708,87288,1680,46758,16380,2,0,4825,488507,7898,9765634,0,0,0,0,121,-1
4155,320,98,0,151498,120187,10072,7086,598,7830,973,10076,192,3978,9,271682,0,0,10,12,2,735,0,50.100605,218744,33708,87360,1635,46820,16380,2,0,4833,489067,7898,9765634,8,560,0,0,121,-1
4155,320,98,0,151928,120452,10074,7102,587,7831,960,10078,190,3978,9,272377,0,0,1,2,0,695,0,55.555557,218660,33852,87260,1635,46795,16416,1,0,4833,489067,7898,9765634,0,0,0,0,121,-1
4155,320,98,0,152541,120834,10099,7121,590,7850,965,10103,193,3981,9,273372,0,0,19,25,3,995,0,58.232933,218108,33856,87404,1759,46658,16417,1,0,4833,489067,7898,9765634,0,0,0,0,121,-1
4155,320,98,0,153197,121212,10120,7138,595,7867,970,10124,192,3984,9,274406,0,0,17,21,3,1034,0,55.976097,217980,33868,87368,1789,46627,16420,1,0,4834,489137,7898,9765634,1,70,0,0,121,-1
4155,320,98,0,153618,121467,10129,7159,586,7872,959,10133,190,3984,9,275082,0,0,5,9,0,676,0,54.059406,218020,33932,87272,1789,46645,16436,1,0,4834,489137,7898,9765634,0,0,0,0,121,-1
4155,320,98,0,154009,121716,10131,7159,587,7873,961,10135,190,3984,9,275722,0,0,1,2,0,640,0,58.606556,217940,33984,87280,1789,46651,16449,1,0,4834,489137,7898,9765634,0,0,0,0,121,-1
4177,330,97,-1,154233,121802,10131,7159,587,7873,961,10135,190,3984,9,276032,0,0,0,0,0,310,0,34.004025,217964,35048,87368,1519,46672,16715,2,0,4834,489137,7901,9766318,0,0,3,684,121,-1
4177,330,97,0,154422,121904,10133,7164,585,7874,958,10137,190,3984,9,276323,0,0,1,2,0,291,0,32.929295,218064,35048,87368,1474,46647,16715,1,0,4834,489137,7902,9766346,0,0,1,28,121,-1
4177,330,97,0,154735,122093,10136,7166,585,7876,959,10140,190,3984,9,276825,0,0,2,3,0,502,0,41.633465,218264,35128,87388,1399,46698,16735,1,0,4834,489137,7902,9766346,0,0,0,0,121,-1
4177,330,97,0,155219,122416,10144,7171,587,7881,961,10148,190,3985,9,277632,0,0,5,8,1,807,0,53.784859,218492,35128,87404,1354,46759,16735,1,0,4834,489137,7902,9766346,0,0,0,0,121,-1
4177,330,97,0,156100,122947,10177,7201,591,7907,965,10181,193,3990,9,279044,0,0,26,33,5,1412,0,70.672096,219368,35176,85544,1579,46964,16755,1,0,4840,489850,7906,9766786,6,713,4,440,121,-1
4177,330,97,0,156290,123082,10184,7208,590,7913,964,10188,192,3992,9,279369,0,0,6,7,2,325,0,50,221244,34048,88368,829,47432,16475,1,0,4840,489850,7906,9766786,0,0,0,0,121,-1
4177,330,97,0,156436,123207,10185,7210,589,7914,963,10189,191,3995,9,279640,0,0,1,1,3,271,0,39.359268,202864,33424,88480,5599,42840,16319,2,0,4840,489850,7906,9766786,0,0,0,0,121,-1
4177,330,97,0,156561,123318,10185,7222,579,7914,951,10189,191,3997,9,279876,0,0,0,0,2,236,0,35.258965,202848,33612,88492,5599,42776,16366,1,0,4840,489850,7906,9766786,0,0,0,0,121,-1
4177,330,97,0,156653,123400,10185,7222,579,7914,951,10189,191,3997,9,280050,0,0,0,0,0,174,0,33.333332,202628,33612,88492,5584,42779,16366,1,0,4840,489850,7906,9766786,0,0,0,0,121,-1
4177,330,97,0,156790,123513,10185,7222,579,7914,951,10189,191,3997,9,280300,0,0,0,0,0,250,0,35.211269,202088,33808,92864,5704,42655,16427,1,0,4840,489850,7906,9766786,0,0,0,0,121,-1
4170,330,98,1,157038,123700,10188,7224,580,7917,952,10192,192,3998,9,280735,0,0,3,3,1,435,0,38.336716,202168,34060,93052,5614,42662,16478,1,0,4840,489850,7906,9766786,0,0,0,0,121,-1
4170,330,98,0,157303,123921,10198,7232,582,7927,954,10202,190,3999,9,281221,0,0,10,10,1,486,0,38.200001,202280,34132,88976,5586,42691,16496,1,0,4840,489850,7906,9766786,0,0,0,0,121,-1
4170,330,98,0,157406,124015,10198,7232,582,7927,954,10202,189,3999,9,281418,0,0,0,0,0,197,0,29.959515,202424,34132,88976,5541,42736,16496,2,0,4840,489850,7906,9766786,0,0,0,0,121,-1
4165,340,98,0,202439,157759,14710,10042,680,11196,1099,14712,184,5140,13,360190,0,0,31,55,16,434,0,57.317074,214956,36832,88696,1629,44920,18201,8,0,7115,824768,10059,11422595,10,700,0,0,122,-1
4165,340,98,0,202946,158105,14764,10057,704,11230,1137,14765,191,5149,13,361043,0,0,34,53,9,853,0,68.32579,219124,34056,91016,1094,45959,17420,1,0,7144,827770,10075,11426551,29,3002,16,3956,122,-1
4165,340,98,0,203618,158513,14788,10107,682,11251,1112,14789,191,5152,13,362123,0,0,21,24,3,1080,0,60.307018,219856,35644,91756,914,46219,17753,8,0,7161,829184,10091,11447254,17,1414,16,20703,122,-1
4165,340,98,0,203810,158641,14794,10114,682,11257,1111,14795,190,5152,13,362443,0,0,6,6,0,320,0,35.365852,217856,35644,91672,1439,45709,17754,9,0,7161,829184,10091,11447254,0,0,0,0,122,-1
4165,340,98,0,204226,158904,14806,10118,688,11267,1118,14807,191,5154,13,363122,0,0,10,12,2,679,0,42.338711,218176,36044,91860,1274,45785,17853,1,0,7169,830016,10095,11447673,8,832,4,419,122,-1
4165,340,98,0,204570,159096,14811,10126,687,11272,1116,14812,190,5155,13,363658,0,0,5,5,1,536,0,43.599998,218104,36044,91756,1272,45769,17853,2,0,7172,830226,10095,11447673,3,210,0,0,122,-1
4165,340,98,0,205066,159403,14832,10143,691,11290,1120,14833,190,5158,13,364461,0,0,18,21,3,803,0,48.214287,218052,36080,91764,1291,45758,17862,2,0,7172,830226,10095,11447673,0,0,0,0,122,-1
4165,340,98,0,205701,159790,14868,10180,687,11321,1118,14869,192,5163,13,365483,0,0,31,36,5,1022,0,54.878048,218304,36080,92060,1199,45825,17861,1,0,7174,830366,10096,11447725,2,140,1,52,122,-1
4165,340,98,0,206224,160150,14887,10192,694,11337,1125,14888,191,5167,15,366366,0,0,16,19,4,883,0,64.665131,220936,33804,94856,1436,46832,16861,12,0,7202,833955,10114,11450838,28,3589,18,3113,122,-1
4180,340,98,0,206768,160491,14912,10206,705,11359,1136,14913,193,5171,13,367251,0,0,22,25,4,885,0,53.512398,221436,35368,95356,759,47040,17251,1,0,7234,837129,10157,11501064,32,3174,43,50226,122,-1
4180,340,98,0,207339,160867,14929,10245,686,11372,1115,14930,191,5173,13,368198,0,0,13,17,2,947,0,56.959316,221896,34672,95064,1029,47147,17078,1,0,7271,842046,10190,11524121,37,4917,33,23057,122,-1
4180,340,98,0,207995,161300,14956,10260,695,11395,1126,14957,192,5176,13,369287,0,0,23,27,3,1089,0,53.799999,221356,34684,95148,1132,47012,17081,3,0,7337,849728,10245,11569529,66,7682,55,45408,122,-1
4180,340,98,0,208559,161667,14977,10292,684,11413,1115,14978,192,5178,13,370218,0,0,18,21,2,931,0,59.86079,221768,34680,95836,879,47115,17080,2,0,7397,856183,10296,11614252,60,6455,51,44723,122,-1
4180,340,98,0,209048,161993,14989,10304,685,11424,1115,14990,192,5179,13,371033,0,0,11,12,1,815,0,48.594376,221508,34636,95396,1194,47050,17069,1,0,7458,863507,10344,11649693,61,7324,48,35441,122,-1
4180,340,98,0,209543,162314,14998,10313,686,11430,1116,14999,191,5181,14,371849,0,0,6,9,2,816,0,63.179916,224152,31728,94768,1644,48235,15839,0,0,7566,875154,10444,11750052,108,11647,100,100359,122,-1
4180,340,98,0,210248,162750,15028,10333,696,11456,1127,15029,192,5185,13,372990,0,0,26,30,4,1141,0,55.279503,224592,31724,94632,1528,48355,15842,1,0,7623,881411,10491,11795910,57,6257,47,45858,122,-1
4180,340,98,0,210917,163190,15059,10367,693,11482,1123,15060,193,5189,13,374099,0,0,26,31,4,1109,0,62.040817,224776,31436,94416,1700,48445,15691,2,0,7752,894193,10606,11918591,129,12782,115,122681,122,-1
4180,340,98,0,211638,163684,15104,10408,695,11519,1127,15105,190,5198,13,375314,0,0,37,45,9,1215,0,59.879032,222632,32452,94468,2024,47910,15946,1,0,7826,902694,10668,11970390,74,8501,62,51799,122,-1
4180,340,98,0,212110,163985,15124,10421,700,11536,1134,15125,192,5201,13,376087,0,0,17,20,3,773,0,45.564518,222188,32752,95336,1923,47797,16021,1,0,7845,904751,10692,11983458,19,2057,24,13068,122,-1
4177,340,98,0,212535,164243,15135,10434,700,11546,1132,15136,190,5202,13,376770,0,0,10,11,1,683,0,41.152264,222012,32752,94540,2088,47756,16020,5,0,7845,904751,10692,11983458,0,0,0,0,122,-1
4177,340,98,0,212939,164503,15151,10448,702,11560,1134,15152,190,5204,13,377434,0,0,14,16,2,664,0,40.562248,222044,32752,94540,2073,47762,16020,1,0,7847,905140,10693,11983522,2,389,1,64,122,-1
4177,340,98,0,213192,164670,15159,10456,702,11568,1134,15160,190,5204,13,377854,0,0,8,8,0,420,0,38.832996,222040,32756,94548,2073,47761,16021,1,0,7847,905140,10694,11983550,0,0,1,28,122,-1
4177,340,98,0,213808,165061,15180,10485,694,11585,1126,15181,190,5206,13,378861,0,0,17,21,2,1007,0,56.878849,222948,32772,94552,1816,47994,16027,14,0,7867,908310,10730,11985179,20,3170,36,1629,122,-1
4177,340,98,0,214150,165283,15194,10498,695,11598,1127,15195,190,5207,13,379425,0,0,13,14,1,564,0,40.711464,222920,32780,94548,1818,47981,16028,2,0,7872,909146,10733,11985347,5,836,3,168,122,-1
4177,340,98,0,214465,165505,15194,10498,695,11598,1127,15195,189,5207,13,379962,0,0,0,0,0,537,0,41.046276,223188,32972,98916,1728,48053,16076,1,0,7874,909535,10734,11985411,2,389,1,64,122,-1
4177,340,98,0,214626,165634,15197,10500,696,11601,1128,15198,190,5208,13,380252,0,0,3,3,1,290,0,37.777779,223124,32972,98920,1743,48030,16077,1,0,7874,909535,10735,11985451,0,0,1,40,122,-1
4177,340,98,0,214805,165779,15202,10508,693,11606,1125,15203,189,5209,13,380576,0,0,5,5,1,324,0,38.46154,223136,32972,98920,1728,48036,16077,6,0,7874,909535,10735,11985451,0,0,0,0,122,-1
4185,300,98,0,73476,51030,6961,4945,623,5522,976,6965,176,3008,1,124501,0,0,9,24,3,124,0,39.436619,211792,37264,89596,3923,38094,24250,28,1,2659,353578,2660,2605161,0,0,0,0,121,-1
4185,300,98,0,73911,51333,7028,4958,653,5560,1030,7031,181,3019,0,125239,0,0,38,66,11,738,0,50.528542,217492,39272,95668,739,39525,24746,27,0,2676,356402,2673,2607550,17,2824,13,2389,121,-1
4185,300,98,0,74402,51710,7041,4974,651,5572,1027,7044,180,3019,0,126107,0,0,12,13,0,868,0,42.677826,217368,39312,95684,799,39633,24634,15,0,2684,357778,2679,2608295,8,1376,6,745,121,-1
4185,300,98,0,74591,51836,7047,4981,651,5578,1026,7050,180,3019,0,126422,0,0,6,6,0,315,0,35.119049,217232,39312,95684,829,39543,24634,4,0,2684,357778,2679,2608295,0,0,0,0,121,-1
4185,300,98,0,74752,51944,7053,4987,651,5584,1026,7056,180,3019,0,126691,0,0,6,6,0,269,0,35.814888,217248,39320,95684,799,39587,24636,8,0,2684,357778,2679,2608295,0,0,0,0,121,-1
4185,300,98,0,75208,52242,7063,4995,653,5594,1028,7066,180,3020,1,127445,1,0,10,10,1,754,0,41.129032,217236,39320,95684,786,39587,24636,4,0,2685,357848,2680,2608347,1,70,1,52,121,-1
4185,300,98,0,75428,52387,7076,5002,657,5605,1033,7079,181,3023,0,127810,0,0,11,13,3,365,0,36.619717,217220,39320,95684,786,39579,24636,2,0,2685,357848,2680,2608347,0,0,0,0,121,-1
4185,300,98,0,75904,52661,7098,5033,648,5625,1024,7101,181,3025,0,128560,0,0,20,22,2,750,0,44.311378,216696,39320,95688,921,39448,24636,1,0,2685,357848,2680,2608347,0,0,0,0,121,-1
4185,300,98,0,76199,52865,7106,5043,648,5632,1023,7109,180,3026,0,129059,0,0,7,8,1,499,0,41.330647,215656,39320,95692,1191,39189,24636,2,0,2685,357848,2680,2608347,0,0,0,0,121,-1
4185,300,98,0,76414,53003,7115,5050,650,5640,1025,7118,180,3028,0,129412,0,0,8,9,2,353,0,37.875751,215632,39320,95692,1191,39185,24636,1,0,2685,357848,2680,2608347,0,0,0,0,121,-1
4185,300,98,0,76730,53212,7131,5064,652,5654,1027,7134,180,3030,0,129937,0,0,14,16,2,525,0,42.084167,215616,39320,95692,1191,39180,24636,1,0,2685,357848,2680,2608347,0,0,0,0,121,-1
4185,300,98,0,77166,53475,7153,5081,655,5674,1031,7156,181,3032,0,130636,0,0,20,22,2,699,0,39.314518,215636,39320,95692,1191,39184,24636,1,0,2685,357848,2680,2608347,0,0,0,0,121,-1
4185,300,98,0,77517,53689,7165,5092,656,5685,1032,7168,181,3033,0,131201,0,0,11,12,1,565,0,35.200001,215656,39324,95692,1191,39189,24637,1,0,2685,357848,2680,2608347,0,0,0,0,121,-1
4185,300,98,0,77798,53866,7172,5101,656,5692,1031,7175,180,3034,0,131659,0,0,7,7,1,458,0,36.122448,215704,39324,95692,1193,39205,24637,1,0,2685,357848,2680,2608347,0,0,0,0,121,-1
4185,300,98,0,78005,53999,7181,5108,658,5700,1033,7184,180,3036,0,131999,0,0,8,9,2,340,0,38.599998,215624,39324,95692,1193,39182,24637,2,0,2685,357848,2680,2608347,0,0,0,0,121,-1
4185,300,98,0,78260,54162,7191,5129,647,5709,1022,7194,180,3037,0,132417,0,0,9,10,1,418,0,41.093117,215652,39324,95692,1208,39194,24637,1,0,2686,357918,2681,2608399,1,70,1,52,121,-1
4185,300,98,0,78501,54306,7199,5136,648,5716,1023,7202,180,3038,0,132802,0,0,7,8,1,385,0,39.839035,215436,39324,95692,1238,39134,24637,1,0,2687,357964,2682,2608427,1,46,1,28,121,-1
4185,300,98,0,78793,54515,7215,5146,652,5730,1029,7218,181,3039,0,133303,0,0,14,16,1,501,0,36.947792,215632,39332,95692,1238,39186,24639,7,0,2687,357964,2682,2608427,0,0,0,0,121,-1
4185,300,98,0,79203,54780,7237,5164,655,5750,1032,7240,181,3041,0,133978,0,0,20,22,2,675,0,38.353413,215672,39340,95692,1208,39226,24641,8,0,2687,357964,2682,2608427,0,0,0,0,121,-1
4185,300,98,0,79516,54965,7246,5171,657,5758,1034,7249,181,3043,0,134476,0,0,8,9,2,498,0,36.673347,215588,39340,95692,1193,39172,24641,1,0,2687,357964,2682,2608427,0,0,0,0,121,-1
4185,300,98,0,79963,55249,7266,5192,658,5776,1034,7269,180,3045,0,135207,0,0,18,20,2,731,0,45.01992,215428,39340,95692,1238,39131,24641,2,0,2687,357964,2682,2608427,0,0,0,0,121,-1
4187,300,99,1,80185,55402,7274,5200,658,5784,1034,7277,180,3045,0,135582,0,0,8,8,0,375,0,32.995953,215648,39340,95692,1221,39199,24641,1,0,2687,357964,2682,2608427,0,0,0,0,121,-1
4187,300,99,0,80383,55535,7283,5213,652,5792,1029,7286,181,3047,0,135913,0,0,8,9,2,331,0,37.400002,215572,39340,95692,1206,39168,24641,1,0,2687,357964,2682,2608427,0,0,0,0,121,-1
4187,300,99,0,80680,55724,7295,5226,653,5804,1029,7298,181,3048,2,136399,0,0,12,12,1,486,0,36.290321,215532,39340,95692,1236,39131,24641,1,0,2687,357964,2682,2608427,0,0,0,0,121,-1
4187,300,99,0,81030,55971,7297,5229,652,5805,1028,7300,179,3048,0,136996,0,0,1,2,0,597,0,40.534981,215280,39340,100036,1266,39094,24641,1,0,2687,357964,2682,2608427,0,0,0,0,121,-1
4187,300,99,0,81162,56066,7300,5231,653,5808,1029,7303,180,3049,0,137223,1,0,3,3,1,227,0,35.185184,215156,39340,100036,1296,39064,24641,1,0,2687,357964,2682,2608427,0,0,0,0,121,-1
4187,300,99,0,81556,56337,7316,5243,656,5823,1033,7319,181,3051,0,137888,0,0,15,16,2,665,0,38.293652,215312,39340,95692,1296,39110,24641,2,0,2687,357964,2683,2608455,0,0,1,28,121,-1
4187,310,98,0,26130,20809,4921,3210,588,3892,956,4924,179,2739,2,46935,0,0,13,29,3,230,0,42,205948,48152,89248,4234,39329,25025,26,0,2250,298825,2356,2337743,0,0,0,0,121,-1
4187,310,98,0,26880,21296,4978,3236,606,3931,988,4981,185,2748,0,48172,0,0,39,57,9,1237,0,80,218336,49172,89432,1163,42410,24549,15,0,2442,319343,2528,2539852,192,20518,172,202109,121,-1
4187,310,98,0,27657,21850,5020,3271,613,3968,995,5023,190,2755,0,49503,0,0,37,42,7,1331,0,69.811317,222256,47788,89956,870,43904,23724,12,0,2455,321040,2541,2548412,13,1697,13,8560,121,-1
4187,310,98,0,27971,22010,5030,3282,613,3978,994,5033,189,2757,0,49977,0,0,10,10,2,474,0,56.858849,215156,47896,89984,2627,42098,23752,2,0,2455,321040,2541,2548412,0,0,0,0,121,-1
4187,310,98,0,28160,22096,5035,3286,614,3983,995,5038,189,2759,0,50252,0,0,5,5,2,275,0,55.823292,215240,47904,89984,2582,42113,23754,1,0,2455,321040,2541,2548412,0,0,0,0,121,-1
4187,310,98,0,28507,22254,5043,3294,614,3991,995,5046,189,2761,0,50757,0,0,8,8,2,505,0,54.016064,215444,47904,89984,2537,42173,23754,1,0,2457,321180,2542,2548464,2,140,1,52,121,-1
4187,310,98,0,28850,22447,5061,3307,618,4007,1000,5064,190,2765,0,51293,0,0,16,18,4,536,0,57.285431,215552,47904,89980,2507,42192,23753,1,0,2457,321180,2542,2548464,0,0,0,0,121,-1
4187,310,98,0,29295,22662,5075,3321,619,4019,1001,5078,190,2767,0,51953,0,0,12,14,2,660,0,57.287449,215592,47904,89988,2477,42212,23754,1,0,2457,321180,2542,2548464,0,0,0,0,121,-1
4180,310,98,0,29692,22904,5092,3346,612,4035,993,5095,189,2770,0,52592,0,0,16,17,3,639,0,60.358566,215884,47904,89992,2387,42275,23754,1,0,2457,321180,2542,2548464,0,0,0,0,121,-1
4180,310,98,0,29962,23037,5100,3353,613,4042,994,5103,189,2772,0,52995,0,0,7,8,2,403,0,58.116234,213144,47904,89992,3032,41588,23754,2,0,2457,321180,2542,2548464,0,0,0,0,121,-1
4180,310,98,0,30316,23226,5114,3365,615,4054,996,5117,189,2774,0,53538,0,0,12,14,2,543,0,58.599998,213296,47904,89988,3047,41629,23753,1,0,2457,321180,2542,2548464,0,0,0,0,121,-1
4180,310,98,0,30792,23470,5130,3379,617,4068,998,5133,189,2777,0,54258,0,0,14,16,3,720,0,55.421688,213420,47904,89988,3015,41659,23753,1,0,2457,321180,2542,2548464,0,0,0,0,121,-1
4180,310,98,0,31119,23639,5142,3387,619,4079,1001,5145,190,2779,0,54754,0,0,11,12,2,496,0,60.040161,213608,47908,89988,2970,41705,23754,1,0,2457,321180,2542,2548464,0,0,0,0,121,-1
4180,310,98,0,31491,23807,5151,3394,621,4087,1003,5154,190,2782,0,55294,0,0,8,9,3,540,0,59.638554,213664,47908,89988,2925,41731,23754,1,0,2457,321180,2542,2548464,0,0,0,0,121,-1
4180,310,98,0,31783,23936,5160,3411,613,4095,995,5163,190,2784,0,55715,0,0,8,9,2,421,0,58.064518,213876,47908,89988,2850,41773,23754,1,0,2457,321180,2542,2548464,0,0,0,0,121,-1
4180,310,98,0,32022,24051,5165,3418,613,4100,994,5168,189,2785,0,56069,0,0,5,5,1,354,0,59.126984,213776,47908,89988,2835,41748,23754,2,0,2458,321250,2543,2548516,1,70,1,52,121,-1
4180,310,98,0,32363,24232,5178,3429,615,4112,996,5181,189,2788,0,56591,0,0,12,13,3,522,0,57.200001,214380,47908,89988,2730,41872,23754,2,0,2459,321296,2544,2548544,1,46,1,28,121,-1
4180,310,98,0,32661,24395,5188,3438,616,4121,997,5191,189,2790,0,57052,0,0,9,10,2,461,0,57.831326,214388,47908,89992,2715,41901,23755,2,0,2459,321296,2544,2548544,0,0,0,0,121,-1
4182,320,98,0,33089,24641,5206,3454,618,4137,999,5209,189,2794,0,57726,0,0,16,18,4,674,0,56.767677,214420,47908,89988,2702,41908,23754,1,0,2459,321296,2544,2548544,0,0,0,0,121,-1
4182,320,98,0,33499,24862,5222,3469,619,4152,1000,5225,189,2797,0,58357,0,0,15,16,3,631,0,58.89328,214748,47908,89988,2642,41956,23754,1,0,2459,321296,2544,2548544,0,0,0,0,121,-1
4182,320,98,0,33917,25081,5239,3493,612,4167,993,5242,190,2800,0,58994,0,0,15,17,3,637,0,57.259712,214692,47908,89988,2580,41978,23754,1,0,2459,321296,2544,2548544,0,0,0,0,121,-1
4182,320,98,0,34230,25246,5249,3503,612,4177,993,5252,189,2802,0,59472,0,0,10,10,2,478,0,58.217823,214868,47908,89992,2582,42030,23755,1,0,2459,321296,2544,2548544,0,0,0,0,121,-1
4182,320,98,0,34579,25450,5263,3516,613,4190,994,5266,189,2805,0,60025,0,0,13,14,3,553,0,58.012169,214992,47908,89988,2537,42052,23754,1,0,2459,321296,2544,2548544,0,0,0,0,121,-1
4182,320,98,0,34904,25633,5277,3529,614,4203,995,5280,189,2808,0,60533,0,0,13,14,3,508,0,55.928852,215300,47908,89992,2477,42127,23755,2,0,2459,321296,2544,2548544,0,0,0,0,121,-1
4182,320,98,0,35145,25756,5283,3535,614,4209,995,5286,189,2810,0,60897,0,0,6,6,2,364,0,58.870968,215272,47908,89988,2447,42121,23754,1,0,2459,321296,2544,2548544,0,0,0,0,121,-1
4182,320,98,0,35501,25934,5293,3544,615,4218,996,5296,189,2812,0,61431,0,0,9,10,2,534,0,58.483032,215388,47908,89992,2402,42149,23755,1,0,2459,321296,2544,2548544,0,0,0,0,121,-1
4182,320,98,0,35885,26155,5307,3555,617,4230,999,5310,190,2814,0,62036,0,0,12,14,2,605,0,59.342915,215416,47908,89988,2357,42193,23754,1,0,2459,321296,2544,2548544,0,0,0,0,121,-1
4160,350,98,0,13349,11837,3876,2308,674,3040,1053,3878,178,2318,1,25185,0,0,276,280,274,1135,0,99.801193,212156,56716,91924,918,37748,29244,1,0,244,24343,321,224711,0,0,0,0,111,-1
4160,350,98,0,14522,12876,4248,2712,619,3386,1022,4250,186,2640,0,27397,0,0,346,372,322,2212,0,100,217340,53180,94344,679,41251,26444,17,0,302,31141,426,293144,58,6798,105,68433,115,-1
4160,350,98,0,15345,13488,4304,2752,630,3434,1022,4305,183,2659,0,28832,0,0,48,55,19,1435,0,69.827583,214840,53440,94804,1470,40780,26377,29,0,350,47913,474,323861,48,16772,48,30717,115,-1
4160,350,98,0,16090,14033,4349,2806,619,3468,1012,4350,187,2664,0,30122,0,0,34,45,5,1290,0,92.233009,219044,50540,98068,877,42271,24690,0,0,501,72543,597,389265,151,24630,123,65404,115,-1
4160,350,98,0,16834,14555,4372,2816,631,3492,1025,4376,190,2668,0,31388,0,0,24,26,4,1266,0,99.802765,224400,45600,92860,733,45026,22704,1,0,1152,142128,2120,2515622,651,69585,1523,2126357,115,-1
4162,350,98,0,17775,15206,4394,2839,630,3514,1024,4398,190,2668,0,32980,0,0,22,22,0,1592,0,98.591553,226448,43152,90624,823,46084,21669,2,0,1564,187155,2524,3029025,412,45027,404,513403,115,-1
4162,350,98,0,18820,15936,4418,2859,632,3536,1028,4422,190,2668,0,34755,0,0,22,24,0,1775,0,100,228368,41344,90160,961,47041,20608,10,0,1674,208374,2609,3090004,110,21219,85,60979,115,-1
4162,350,98,0,19416,16340,4446,2887,634,3562,1029,4450,190,2670,0,35755,0,0,26,28,2,1000,0,91.37056,230788,40020,89356,930,47825,19971,26,0,1706,214822,2635,3110914,32,6448,26,20910,115,-1
4162,350,98,0,20166,16884,4507,2927,629,3610,1022,4511,191,2676,0,37049,0,0,48,61,6,1294,0,75.64576,229060,39468,84632,2704,47341,19774,21,0,1716,217268,2641,3113467,10,2446,6,2553,115,-1
4162,350,98,0,20599,17216,4537,2957,628,3640,1021,4544,190,2677,0,37814,0,0,30,33,1,765,0,90.789474,225580,39700,89180,2346,46566,19843,50,0,2082,255544,3981,5050432,366,38276,1340,1936965,115,-1
4162,350,98,0,21417,17865,4565,2978,632,3663,1029,4572,191,2682,0,39281,0,0,23,28,5,1467,0,77.412727,225856,41492,89620,1757,46626,20294,2,0,2082,255544,3981,5050432,0,0,0,0,115,-1
4162,350,98,0,22347,18616,4591,3010,629,3687,1023,4598,191,2685,0,40962,0,0,24,26,3,1681,0,83.59375,227200,41568,89652,1367,46961,20314,26,0,2120,262888,4011,5072167,38,7344,30,21735,115,-1
4162,350,98,0,23384,19448,4627,3045,631,3722,1024,4634,190,2686,0,42831,0,0,35,36,1,1869,0,82.291664,226076,41608,89680,1697,46685,20322,23,0,2133,266073,4020,5074170,13,3185,9,2003,115,-1
4162,350,98,0,24398,20156,4652,3064,634,3745,1029,4659,191,2687,0,44553,0,0,23,25,1,1722,0,99.48365,231552,40000,89668,625,48908,19246,179,0,2691,343881,4562,5749890,558,77808,542,675720,115,-1
4162,350,98,0,25161,20706,4676,3093,631,3768,1025,4683,190,2688,1,45866,1,0,23,24,1,1313,0,99.045349,234416,36772,87144,616,50116,18149,181,0,2904,386939,4753,5969487,213,43058,191,219597,115,-1
4152,350,97,-1,26355,21526,4706,3120,634,3797,1028,4713,190,2689,0,47880,0,0,29,30,1,2014,0,100,237736,34920,87400,636,50872,17375,57,0,2981,403786,4853,6033998,77,16847,100,64511,115,-1
4152,350,97,0,26947,21938,4726,3148,627,3816,1020,4733,190,2698,0,48884,0,0,19,20,9,1004,0,82.312927,237108,33804,86648,1300,51009,16802,2,0,3001,407235,4908,6065193,20,3449,55,31195,115,-1
4152,350,97,0,27413,22268,4756,3177,628,3845,1021,4763,190,2699,0,49680,0,0,29,30,1,796,0,67.002014,238596,33540,86544,970,51399,16719,20,0,3005,410675,4912,6066115,4,3440,4,922,115,-1
4152,350,97,0,27808,22549,4768,3186,631,3856,1024,4775,190,2700,0,50356,0,0,11,12,1,676,0,80.15564,242008,28608,86380,1379,52396,15347,16,0,3032,420914,4932,6080454,27,10239,20,14339,115,-1
4152,350,97,0,28786,23234,4797,3223,625,3883,1016,4804,189,2702,0,52019,0,0,27,29,2,1663,0,99.804306,246112,28164,81384,1497,54373,14418,26,0,3372,463611,5260,6379881,340,42697,328,299427,115,-1
4152,350,97,0,29682,23900,4865,3276,637,3949,1031,4875,190,2706,0,53581,0,0,66,71,4,1562,0,85.874443,245044,28192,85100,890,54570,13823,42,0,3543,485465,6512,8195012,171,21854,1252,1815131,115,-1
4152,350,97,0,30509,24475,4897,3312,634,3979,1027,4907,190,2708,0,54983,0,0,30,32,2,1402,0,86.404831,242896,28524,85240,1299,54083,13933,0,0,3757,514848,6701,8431589,214,29383,189,236577,115,-1
4152,350,97,0,31536,25201,4923,3336,636,4005,1029,4933,190,2708,0,56736,0,0,26,26,0,1753,0,100,253976,20308,76844,663,58594,10066,125,0,4086,570964,7133,8962312,329,56116,432,530723,115,-1
4152,350,97,0,32566,25895,4939,3352,636,4020,1029,4949,190,2709,0,58460,0,0,15,16,1,1724,0,100,254128,19792,76068,1920,57447,9889,75,0,4175,589109,7202,9013059,89,18145,69,50747,115,-1
4152,350,97,0,32858,26094,4947,3359,637,4027,1030,4957,190,2710,0,58951,0,0,7,8,1,491,0,85.585587,249140,19908,75848,1950,57457,9892,51,0,4175,589109,7202,9013059,0,0,0,0,115,-1
4167,350,97,0,33308,26418,4957,3367,639,4037,1032,4967,190,2710,0,59725,0,0,10,10,0,774,0,81.467178,247828,20092,75868,2295,57133,9938,28,0,4207,596047,7227,9038122,32,6938,25,25063,115,-1
4167,350,97,0,33842,26800,4981,3390,640,4060,1033,4991,190,2711,0,60641,0,0,23,24,1,916,0,73.375259,249472,20112,75768,1800,57554,9941,23,0,4208,596117,7228,9038174,1,70,1,52,115,-1
4167,350,97,0,34383,27179,5009,3413,643,4086,1037,5019,191,2713,0,61561,0,0,26,28,2,920,0,72.344688,247452,20132,76204,2205,57038,9945,13,0,4214,596537,7234,9038597,6,420,6,423,115,-1
4175,350,98,0,71886,54071,6956,4882,525,5441,855,6966,172,3052,8,125952,0,0,12,29,7,204,0,42.937855,193120,45200,80000,7442,38785,20904,6,1,5154,758623,8019,9477152,0,0,0,0,115,-1
4175,350,98,0,72544,54511,7029,4906,551,5485,906,7039,176,3062,8,127050,0,0,44,73,10,1098,0,74.58432,201636,57536,88532,1302,40852,24023,53,0,5210,767218,8070,9512711,56,8595,51,35559,115,-1
4175,350,98,0,73208,55004,7053,4928,554,5507,908,7063,176,3064,8,128207,0,0,22,24,2,1157,0,56.352459,201032,56060,88580,2103,40671,23710,13,0,5212,767334,8072,9512791,2,116,2,80,115,-1
4175,350,98,0,73605,55233,7068,4950,548,5521,900,7078,177,3065,8,128833,0,0,14,15,1,626,0,56.938774,201444,56252,88664,1923,40743,23762,9,0,5213,767392,8073,9512831,1,58,1,40,115,-1
4175,350,98,0,73751,55329,7072,4954,548,5525,900,7082,177,3065,8,129075,0,0,4,4,0,242,0,57.344063,201528,56284,88664,1893,40767,23770,8,0,5213,767392,8073,9512831,0,0,0,0,115,-1
4175,350,98,0,74030,55536,7079,4960,549,5532,901,7089,177,3066,8,129561,0,0,7,7,1,486,0,58.064518,201724,56316,93016,1863,40814,23778,1,0,5213,767392,8073,9512831,0,0,0,0,115,-1
4175,350,98,0,74103,55597,7081,4960,550,5533,903,7091,177,3067,8,129695,0,0,1,2,1,134,0,57.429718,201780,56324,92660,1818,40827,23780,11,0,5213,767392,8073,9512831,0,0,0,0,115,-1
4183,350,98,0,74423,55844,7103,4976,555,5554,909,7113,179,3069,8,130262,0,0,21,22,2,567,0,57.575756,201720,56344,88244,1833,40813,23785,10,0,5213,767392,8073,9512831,0,0,0,0,115,-1
4183,350,98,0,74711,56034,7109,4984,555,5559,908,7119,177,3070,8,130740,0,0,5,6,1,478,0,57.026478,201780,56376,88240,1818,40828,23792,14,0,5213,767392,8073,9512831,0,0,0,0,115,-1
4183,350,98,0,74923,56175,7118,4990,557,5567,911,7128,179,3072,8,131093,0,0,8,9,2,353,0,56.338028,201728,56400,88240,1803,40816,23798,9,0,5213,767392,8073,9512831,0,0,0,0,115,-1
4183,350,98,0,75226,56377,7134,5012,551,5581,905,7144,179,3074,8,131598,0,0,14,16,2,505,0,57.723576,201744,56436,88244,1788,40821,23807,8,0,5213,767392,8073,9512831,0,0,0,0,115,-1
4183,350,98,0,75761,56706,7162,5040,552,5607,904,7172,179,3076,8,132462,0,0,26,28,2,864,0,58.433735,201076,56468,88324,1938,40652,23816,8,0,5219,767812,8076,9512987,6,420,3,156,115,-1
4183,350,98,0,76026,56875,7170,5051,551,5615,902,7180,178,3076,8,132896,0,0,8,8,0,434,0,55.010223,200964,56520,88324,1968,40623,23829,9,0,5219,767812,8076,9512987,0,0,0,0,115,-1
4183,350,98,0,76366,57088,7183,5062,553,5627,904,7193,178,3078,9,133449,0,0,12,13,2,553,0,59.072582,200756,56544,88324,2015,40566,23835,11,0,5221,767952,8078,9513091,2,140,2,104,115,-1
4183,350,98,0,76595,57220,7189,5067,554,5632,905,7199,177,3079,8,133810,0,0,5,6,1,361,0,57.48988,200212,56552,88324,2135,40436,23837,2,0,5221,767952,8078,9513091,0,0,0,0,115,-1
4183,350,98,0,76852,57370,7198,5074,556,5640,907,7208,178,3081,8,134217,0,0,8,9,2,407,0,56.734695,200284,56608,88324,2150,40460,23851,8,0,5221,767952,8079,9513119,0,0,1,28,115,-1
4183,350,98,0,77124,57543,7213,5084,558,5653,911,7223,179,3082,8,134662,0,0,13,15,1,445,0,58.333332,200220,56780,88340,2120,40437,23894,12,0,5221,767952,8079,9513119,0,0,0,0,115,-1
4183,340,98,0,77258,57632,7213,5087,557,5653,909,7223,177,3082,8,134885,0,0,0,0,0,223,0,53.156822,200136,56788,88340,2105,40418,23896,0,0,5221,767952,8079,9513119,0,0,0,0,115,-1
4183,340,98,0,77548,57822,7227,5109,549,5665,901,7237,179,3086,8,135365,0,0,12,14,4,480,0,60.202019,200156,56796,88348,2090,40456,23898,9,0,5221,767952,8079,9513119,0,0,0,0,115,-1
4183,340,98,0,77926,58052,7241,5123,550,5678,901,7251,178,3087,8,135973,0,0,13,14,1,608,0,63.348415,199968,56852,88348,2120,40374,23912,11,0,5221,767952,8079,9513119,0,0,0,0,115,-1
4183,340,98,0,78287,58263,7260,5138,554,5696,905,7270,179,3090,10,136545,0,0,18,19,3,572,0,56.565655,200076,56896,88352,2105,40402,23923,8,0,5221,767952,8079,9513119,0,0,0,0,115,-1
4183,340,98,0,78578,58448,7270,5148,554,5704,905,7280,178,3091,8,137021,0,0,8,10,1,476,0,57.34127,200088,56892,88364,2105,40404,23922,3,0,5221,767952,8079,9513119,0,0,0,0,115,-1
4183,340,98,0,78776,58576,7274,5152,554,5708,905,7284,177,3091,8,137347,0,0,4,4,0,326,0,60.040569,200004,56964,88364,2120,40384,23940,8,0,5221,767952,8079,9513119,0,0,0,0,115,-1
4183,340,98,0,79015,58729,7281,5157,556,5714,907,7291,178,3093,8,137739,0,0,6,7,2,392,0,57.959183,200052,57004,88364,2090,40395,23950,9,0,5221,767952,8079,9513119,0,0,0,0,115,-1
4183,340,98,0,79210,58854,7288,5171,549,5720,900,7298,178,3095,8,138059,0,0,6,7,2,320,0,55.57769,199912,57020,88364,2105,40395,23954,7,0,5221,767952,8079,9513119,0,0,0,0,115,-1
4183,340,98,0,79445,58998,7288,5171,549,5720,900,7298,177,3095,8,138438,0,0,0,0,0,379,0,54.526749,200188,57092,88292,2060,40429,23972,8,0,5221,767952,8079,9513119,0,0,0,0,115,-1
4183,340,98,0,79795,59225,7305,5186,551,5736,902,7315,178,3097,9,139015,0,0,16,17,2,577,0,57.256462,200436,57164,88364,1985,40457,23990,8,0,5221,767952,8079,9513119,0,0,0,0,115,-1
4185,340,98,0,80125,59439,7317,5195,553,5746,905,7327,179,3099,8,139559,0,0,10,12,2,544,0,57.700207,200156,57164,88364,2000,40424,23990,1,0,5221,767952,8079,9513119,0,0,0,0,115,-1